country,date,policy
Belgium,1/1/2020,0
Belgium,1/2/2020,0
Belgium,1/3/2020,0
Belgium,1/4/2020,0
Belgium,1/5/2020,0
Belgium,1/6/2020,0
Belgium,1/7/2020,0
Belgium,1/8/2020,0
Belgium,1/9/2020,0
Belgium,1/10/2020,0
Belgium,1/11/2020,0
Belgium,1/12/2020,0
Belgium,1/13/2020,0
Belgium,1/14/2020,0
Belgium,1/15/2020,0
Belgium,1/16/2020,0
Belgium,1/17/2020,0
Belgium,1/18/2020,0
Belgium,1/19/2020,0
Belgium,1/20/2020,0
Belgium,1/21/2020,0
Belgium,1/22/2020,0
Belgium,1/23/2020,0
Belgium,1/24/2020,0
Belgium,1/25/2020,0
Belgium,1/26/2020,0
Belgium,1/27/2020,0
Belgium,1/28/2020,0
Belgium,1/29/2020,0
Belgium,1/30/2020,0
Belgium,1/31/2020,0
Belgium,2/1/2020,0
Belgium,2/2/2020,0
Belgium,2/3/2020,0
Belgium,2/4/2020,0
Belgium,2/5/2020,0
Belgium,2/6/2020,0
Belgium,2/7/2020,0
Belgium,2/8/2020,0
Belgium,2/9/2020,0
Belgium,2/10/2020,0
Belgium,2/11/2020,0
Belgium,2/12/2020,0
Belgium,2/13/2020,0
Belgium,2/14/2020,0
Belgium,2/15/2020,0
Belgium,2/16/2020,0
Belgium,2/17/2020,0
Belgium,2/18/2020,0
Belgium,2/19/2020,0
Belgium,2/20/2020,0
Belgium,2/21/2020,0
Belgium,2/22/2020,0
Belgium,2/23/2020,0
Belgium,2/24/2020,0
Belgium,2/25/2020,0
Belgium,2/26/2020,0
Belgium,2/27/2020,0
Belgium,2/28/2020,0
Belgium,2/29/2020,0
Belgium,3/1/2020,0
Belgium,3/2/2020,0
Belgium,3/3/2020,0
Belgium,3/4/2020,0
Belgium,3/5/2020,0
Belgium,3/6/2020,0
Belgium,3/7/2020,0
Belgium,3/8/2020,0
Belgium,3/9/2020,0
Belgium,3/10/2020,0
Belgium,3/11/2020,0
Belgium,3/12/2020,0
Belgium,3/13/2020,0
Belgium,3/14/2020,0
Belgium,3/15/2020,0
Belgium,3/16/2020,0
Belgium,3/17/2020,0
Belgium,3/18/2020,2
Belgium,3/19/2020,2
Belgium,3/20/2020,2
Belgium,3/21/2020,2
Belgium,3/22/2020,2
Belgium,3/23/2020,2
Belgium,3/24/2020,2
Belgium,3/25/2020,2
Belgium,3/26/2020,2
Belgium,3/27/2020,2
Belgium,3/28/2020,2
Belgium,3/29/2020,2
Belgium,3/30/2020,2
Belgium,3/31/2020,2
Belgium,4/1/2020,2
Belgium,4/2/2020,2
Belgium,4/3/2020,2
Belgium,4/4/2020,2
Belgium,4/5/2020,2
Belgium,4/6/2020,2
Belgium,4/7/2020,2
Belgium,4/8/2020,2
Belgium,4/9/2020,2
Belgium,4/10/2020,2
Belgium,4/11/2020,2
Belgium,4/12/2020,2
Belgium,4/13/2020,2
Belgium,4/14/2020,2
Belgium,4/15/2020,2
Belgium,4/16/2020,2
Belgium,4/17/2020,2
Belgium,4/18/2020,2
Belgium,4/19/2020,2
Belgium,4/20/2020,2
Belgium,4/21/2020,2
Belgium,4/22/2020,2
Belgium,4/23/2020,2
Belgium,4/24/2020,2
Belgium,4/25/2020,2
Belgium,4/26/2020,2
Belgium,4/27/2020,2
Belgium,4/28/2020,2
Belgium,4/29/2020,2
Belgium,4/30/2020,2
Belgium,5/1/2020,2
Belgium,5/2/2020,2
Belgium,5/3/2020,2
Belgium,5/4/2020,2
Belgium,5/5/2020,2
Belgium,5/6/2020,2
Belgium,5/7/2020,2
Belgium,5/8/2020,2
Belgium,5/9/2020,2
Belgium,5/10/2020,2
Belgium,5/11/2020,2
Belgium,5/12/2020,2
Belgium,5/13/2020,2
Belgium,5/14/2020,2
Belgium,5/15/2020,2
Belgium,5/16/2020,2
Belgium,5/17/2020,2
Belgium,5/18/2020,2
Belgium,5/19/2020,2
Belgium,5/20/2020,2
Belgium,5/21/2020,2
Belgium,5/22/2020,2
Belgium,5/23/2020,2
Belgium,5/24/2020,2
Belgium,5/25/2020,2
Belgium,5/26/2020,2
Belgium,5/27/2020,2
Belgium,5/28/2020,2
Belgium,5/29/2020,2
Belgium,5/30/2020,2
Belgium,5/31/2020,2
Belgium,6/1/2020,2
Belgium,6/2/2020,2
Belgium,6/3/2020,2
Belgium,6/4/2020,2
Belgium,6/5/2020,2
Belgium,6/6/2020,2
Belgium,6/7/2020,2
Belgium,6/8/2020,0
Belgium,6/9/2020,0
Belgium,6/10/2020,0
Belgium,6/11/2020,0
Belgium,6/12/2020,0
Belgium,6/13/2020,0
Belgium,6/14/2020,0
Belgium,6/15/2020,0
Belgium,6/16/2020,0
Belgium,6/17/2020,0
Belgium,6/18/2020,0
Belgium,6/19/2020,0
Belgium,6/20/2020,0
Belgium,6/21/2020,0
Belgium,6/22/2020,0
Belgium,6/23/2020,0
Belgium,6/24/2020,0
Belgium,6/25/2020,0
Belgium,6/26/2020,0
Belgium,6/27/2020,0
Belgium,6/28/2020,0
Belgium,6/29/2020,0
Belgium,6/30/2020,0
Belgium,7/1/2020,0
Belgium,7/2/2020,0
Belgium,7/3/2020,0
Belgium,7/4/2020,0
Belgium,7/5/2020,0
Belgium,7/6/2020,0
Belgium,7/7/2020,0
Belgium,7/8/2020,0
Belgium,7/9/2020,0
Belgium,7/10/2020,0
Belgium,7/11/2020,0
Belgium,7/12/2020,0
Belgium,7/13/2020,0
Belgium,7/14/2020,0
Belgium,7/15/2020,0
Belgium,7/16/2020,0
Belgium,7/17/2020,0
Belgium,7/18/2020,0
Belgium,7/19/2020,0
Belgium,7/20/2020,0
Belgium,7/21/2020,0
Belgium,7/22/2020,0
Belgium,7/23/2020,0
Belgium,7/24/2020,0
Belgium,7/25/2020,0
Belgium,7/26/2020,0
Belgium,7/27/2020,0
Belgium,7/28/2020,0
Belgium,7/29/2020,2
Belgium,7/30/2020,2
Belgium,7/31/2020,2
Belgium,8/1/2020,2
Belgium,8/2/2020,2
Belgium,8/3/2020,2
Belgium,8/4/2020,2
Belgium,8/5/2020,2
Belgium,8/6/2020,2
Belgium,8/7/2020,1
Belgium,8/8/2020,1
Belgium,8/9/2020,1
Belgium,8/10/2020,1
Belgium,8/11/2020,1
Belgium,8/12/2020,2
Belgium,8/13/2020,2
Belgium,8/14/2020,2
Belgium,8/15/2020,2
Belgium,8/16/2020,2
Belgium,8/17/2020,2
Belgium,8/18/2020,2
Belgium,8/19/2020,2
Belgium,8/20/2020,2
Belgium,8/21/2020,2
Belgium,8/22/2020,2
Belgium,8/23/2020,2
Belgium,8/24/2020,2
Belgium,8/25/2020,2
Belgium,8/26/2020,2
Belgium,8/27/2020,0
Belgium,8/28/2020,0
Belgium,8/29/2020,0
Belgium,8/30/2020,0
Belgium,8/31/2020,0
Belgium,9/1/2020,0
Belgium,9/2/2020,0
Belgium,9/3/2020,0
Belgium,9/4/2020,0
Belgium,9/5/2020,0
Belgium,9/6/2020,0
Belgium,9/7/2020,0
Belgium,9/8/2020,0
Belgium,9/9/2020,0
Belgium,9/10/2020,0
Belgium,9/11/2020,0
Belgium,9/12/2020,0
Belgium,9/13/2020,0
Belgium,9/14/2020,0
Belgium,9/15/2020,0
Belgium,9/16/2020,0
Belgium,9/17/2020,0
Belgium,9/18/2020,0
Belgium,9/19/2020,0
Belgium,9/20/2020,0
Belgium,9/21/2020,0
Belgium,9/22/2020,0
Belgium,9/23/2020,0
Belgium,9/24/2020,0
Belgium,9/25/2020,0
Belgium,9/26/2020,0
Belgium,9/27/2020,0
Belgium,9/28/2020,0
Belgium,9/29/2020,0
Belgium,9/30/2020,0
Belgium,10/1/2020,0
Belgium,10/2/2020,0
Belgium,10/3/2020,0
Belgium,10/4/2020,0
Belgium,10/5/2020,0
Belgium,10/6/2020,0
Belgium,10/7/2020,0
Belgium,10/8/2020,0
Belgium,10/9/2020,0
Belgium,10/10/2020,0
Belgium,10/11/2020,0
Belgium,10/12/2020,0
Belgium,10/13/2020,0
Belgium,10/14/2020,0
Belgium,10/15/2020,0
Belgium,10/16/2020,0
Belgium,10/17/2020,0
Belgium,10/18/2020,0
Belgium,10/19/2020,2
Belgium,10/20/2020,2
Belgium,10/21/2020,2
Belgium,10/22/2020,2
Belgium,10/23/2020,2
Belgium,10/24/2020,2
Belgium,10/25/2020,2
Belgium,10/26/2020,2
Belgium,10/27/2020,2
Belgium,10/28/2020,2
Belgium,10/29/2020,2
Belgium,10/30/2020,2
Belgium,10/31/2020,2
Belgium,11/1/2020,2
Belgium,11/2/2020,2
Belgium,11/3/2020,2
Belgium,11/4/2020,2
Belgium,11/5/2020,2
Belgium,11/6/2020,2
Belgium,11/7/2020,2
Belgium,11/8/2020,2
Belgium,11/9/2020,2
Belgium,11/10/2020,2
Belgium,11/11/2020,2
Belgium,11/12/2020,2
Belgium,11/13/2020,2
Belgium,11/14/2020,2
Belgium,11/15/2020,2
Belgium,11/16/2020,2
Belgium,11/17/2020,2
Belgium,11/18/2020,2
Belgium,11/19/2020,2
Belgium,11/20/2020,2
Belgium,11/21/2020,2
Belgium,11/22/2020,2
Belgium,11/23/2020,2
Belgium,11/24/2020,2
Belgium,11/25/2020,2
Belgium,11/26/2020,2
Belgium,11/27/2020,2
Belgium,11/28/2020,2
Belgium,11/29/2020,2
Belgium,11/30/2020,2
Belgium,12/1/2020,2
Belgium,12/2/2020,2
Belgium,12/3/2020,2
Belgium,12/4/2020,2
Belgium,12/5/2020,2
Belgium,12/6/2020,2
Belgium,12/7/2020,2
Belgium,12/8/2020,2
Belgium,12/9/2020,2
Belgium,12/10/2020,2
Belgium,12/11/2020,2
Belgium,12/12/2020,2
Belgium,12/13/2020,2
Belgium,12/14/2020,2
Belgium,12/15/2020,2
Belgium,12/16/2020,2
Belgium,12/17/2020,2
Belgium,12/18/2020,2
Belgium,12/19/2020,2
Belgium,12/20/2020,2
Belgium,12/21/2020,2
Belgium,12/22/2020,2
Belgium,12/23/2020,2
Belgium,12/24/2020,2
Belgium,12/25/2020,2
Belgium,12/26/2020,2
Belgium,12/27/2020,2
Belgium,12/28/2020,2
Belgium,12/29/2020,2
Belgium,12/30/2020,2
Belgium,12/31/2020,2
Belgium,1/1/2021,2
Belgium,1/2/2021,2
Belgium,1/3/2021,2
Belgium,1/4/2021,2
Belgium,1/5/2021,2
Belgium,1/6/2021,2
Belgium,1/7/2021,2
Belgium,1/8/2021,2
Belgium,1/9/2021,2
Belgium,1/10/2021,2
Belgium,1/11/2021,2
Belgium,1/12/2021,2
Belgium,1/13/2021,2
Belgium,1/14/2021,2
Belgium,1/15/2021,2
Belgium,1/16/2021,2
Belgium,1/17/2021,2
Belgium,1/18/2021,2
Belgium,1/19/2021,2
Belgium,1/20/2021,2
Belgium,1/21/2021,2
Belgium,1/22/2021,2
Belgium,1/23/2021,2
Belgium,1/24/2021,2
Belgium,1/25/2021,2
Belgium,1/26/2021,2
Belgium,1/27/2021,2
Belgium,1/28/2021,2
Belgium,1/29/2021,2
Belgium,1/30/2021,2
Belgium,1/31/2021,2
Belgium,2/1/2021,2
Belgium,2/2/2021,2
Belgium,2/3/2021,2
Belgium,2/4/2021,2
Belgium,2/5/2021,2
Belgium,2/6/2021,2
Belgium,2/7/2021,2
Belgium,2/8/2021,2
Belgium,2/9/2021,2
Belgium,2/10/2021,2
Belgium,2/11/2021,2
Belgium,2/12/2021,2
Belgium,2/13/2021,2
Belgium,2/14/2021,2
Belgium,2/15/2021,2
Belgium,2/16/2021,2
Belgium,2/17/2021,2
Belgium,2/18/2021,2
Belgium,2/19/2021,2
Belgium,2/20/2021,2
Belgium,2/21/2021,2
Belgium,2/22/2021,2
Belgium,2/23/2021,2
Belgium,2/24/2021,2
Belgium,2/25/2021,2
Belgium,2/26/2021,2
Belgium,2/27/2021,2
Belgium,2/28/2021,2
Belgium,3/1/2021,2
Belgium,3/2/2021,2
Belgium,3/3/2021,2
Belgium,3/4/2021,2
Belgium,3/5/2021,2
Belgium,3/6/2021,2
Belgium,3/7/2021,2
Belgium,3/8/2021,2
Belgium,3/9/2021,2
Belgium,3/10/2021,2
Belgium,3/11/2021,2
Belgium,3/12/2021,2
Belgium,3/13/2021,2
Belgium,3/14/2021,2
Belgium,3/15/2021,2
Belgium,3/16/2021,2
Belgium,3/17/2021,2
Belgium,3/18/2021,2
Belgium,3/19/2021,2
Belgium,3/20/2021,2
Belgium,3/21/2021,2
Belgium,3/22/2021,2
Belgium,3/23/2021,2
Belgium,3/24/2021,2
Belgium,3/25/2021,2
Belgium,3/26/2021,2
Belgium,3/27/2021,2
Belgium,3/28/2021,2
Belgium,3/29/2021,2
Belgium,3/30/2021,2
Belgium,3/31/2021,2
Belgium,4/1/2021,2
Belgium,4/2/2021,2
Belgium,4/3/2021,2
Belgium,4/4/2021,2
Belgium,4/5/2021,2
Belgium,4/6/2021,2
Belgium,4/7/2021,2
Belgium,4/8/2021,2
Belgium,4/9/2021,2
Belgium,4/10/2021,2
Belgium,4/11/2021,2
Belgium,4/12/2021,2
Belgium,4/13/2021,2
Belgium,4/14/2021,2
Belgium,4/15/2021,2
Belgium,4/16/2021,2
Belgium,4/17/2021,2
Belgium,4/18/2021,2
Belgium,4/19/2021,2
Belgium,4/20/2021,2
Belgium,4/21/2021,2
Belgium,4/22/2021,2
Belgium,4/23/2021,2
Belgium,4/24/2021,2
Belgium,4/25/2021,2
Belgium,4/26/2021,2
Belgium,4/27/2021,2
Belgium,4/28/2021,2
Belgium,4/29/2021,2
Belgium,4/30/2021,2
Belgium,5/1/2021,2
Belgium,5/2/2021,2
Belgium,5/3/2021,2
Belgium,5/4/2021,2
Belgium,5/5/2021,2
Belgium,5/6/2021,2
Belgium,5/7/2021,2
Belgium,5/8/2021,1
Belgium,5/9/2021,1
Belgium,5/10/2021,1
Belgium,5/11/2021,1
Belgium,5/12/2021,1
Belgium,5/13/2021,1
Belgium,5/14/2021,1
Belgium,5/15/2021,1
Belgium,5/16/2021,1
Belgium,5/17/2021,1
Belgium,5/18/2021,1
Belgium,5/19/2021,1
Belgium,5/20/2021,1
Belgium,5/21/2021,1
Belgium,5/22/2021,1
Belgium,5/23/2021,1
Belgium,5/24/2021,1
Belgium,5/25/2021,1
Belgium,5/26/2021,1
Belgium,5/27/2021,1
Belgium,5/28/2021,1
Belgium,5/29/2021,1
Belgium,5/30/2021,1
Belgium,5/31/2021,1
Belgium,6/1/2021,1
Belgium,6/2/2021,1
Belgium,6/3/2021,1
Belgium,6/4/2021,1
Belgium,6/5/2021,1
Belgium,6/6/2021,1
Belgium,6/7/2021,1
Belgium,6/8/2021,1
Belgium,6/9/2021,1
Belgium,6/10/2021,1
Belgium,6/11/2021,1
Belgium,6/12/2021,1
Belgium,6/13/2021,1
Belgium,6/14/2021,1
Belgium,6/15/2021,1
Belgium,6/16/2021,1
Belgium,6/17/2021,1
Belgium,6/18/2021,1
Belgium,6/19/2021,1
Belgium,6/20/2021,1
Belgium,6/21/2021,1
Belgium,6/22/2021,1
Belgium,6/23/2021,1
Belgium,6/24/2021,1
Belgium,6/25/2021,1
Belgium,6/26/2021,1
Belgium,6/27/2021,1
Belgium,6/28/2021,1
Belgium,6/29/2021,1
Belgium,6/30/2021,1
Belgium,7/1/2021,1
Belgium,7/2/2021,1
Belgium,7/3/2021,1
Belgium,7/4/2021,1
Belgium,7/5/2021,1
Belgium,7/6/2021,1
Belgium,7/7/2021,1
Belgium,7/8/2021,1
Belgium,7/9/2021,1
Belgium,7/10/2021,1
Belgium,7/11/2021,1
Belgium,7/12/2021,1
Belgium,7/13/2021,1
Belgium,7/14/2021,1
Belgium,7/15/2021,1
Belgium,7/16/2021,1
Belgium,7/17/2021,1
Belgium,7/18/2021,1
Belgium,7/19/2021,1
Belgium,7/20/2021,1
Belgium,7/21/2021,1
Belgium,7/22/2021,1
Belgium,7/23/2021,1
Belgium,7/24/2021,1
Belgium,7/25/2021,1
Belgium,7/26/2021,1
Belgium,7/27/2021,1
Belgium,7/28/2021,1
Belgium,7/29/2021,1
Belgium,7/30/2021,0
Belgium,7/31/2021,0
Belgium,8/1/2021,0
Belgium,8/2/2021,0
Belgium,8/3/2021,0
Belgium,8/4/2021,0
Belgium,8/5/2021,0
Belgium,8/6/2021,0
Belgium,8/7/2021,0
Belgium,8/8/2021,0
Belgium,8/9/2021,0
Belgium,8/10/2021,0
Belgium,8/11/2021,0
Belgium,8/12/2021,0
Belgium,8/13/2021,0
Belgium,8/14/2021,0
Belgium,8/15/2021,0
Belgium,8/16/2021,0
Belgium,8/17/2021,0
Belgium,8/18/2021,0
Belgium,8/19/2021,0
Belgium,8/20/2021,0
Belgium,8/21/2021,0
Belgium,8/22/2021,0
Belgium,8/23/2021,0
Belgium,8/24/2021,0
Belgium,8/25/2021,0
Belgium,8/26/2021,0
Belgium,8/27/2021,0
Belgium,8/28/2021,0
Belgium,8/29/2021,0
Belgium,8/30/2021,0
Belgium,8/31/2021,0
Belgium,9/1/2021,0
Belgium,9/2/2021,0
Belgium,9/3/2021,0
Belgium,9/4/2021,0
Belgium,9/5/2021,0
Belgium,9/6/2021,0
Belgium,9/7/2021,0
Belgium,9/8/2021,0
Belgium,9/9/2021,0
Belgium,9/10/2021,0
Belgium,9/11/2021,0
Belgium,9/12/2021,0
Belgium,9/13/2021,0
Belgium,9/14/2021,0
Belgium,9/15/2021,0
Belgium,9/16/2021,0
Belgium,9/17/2021,0
Belgium,9/18/2021,0
Belgium,9/19/2021,0
Belgium,9/20/2021,0
Belgium,9/21/2021,0
Belgium,9/22/2021,0
Belgium,9/23/2021,0
Belgium,9/24/2021,0
Belgium,9/25/2021,0
Belgium,9/26/2021,0
Belgium,9/27/2021,0
Belgium,9/28/2021,0
Belgium,9/29/2021,0
Belgium,9/30/2021,0
Belgium,10/1/2021,0
Belgium,10/2/2021,0
Belgium,10/3/2021,0
Belgium,10/4/2021,0
Belgium,10/5/2021,0
Belgium,10/6/2021,0
Belgium,10/7/2021,0
Belgium,10/8/2021,0
Belgium,10/9/2021,0
Belgium,10/10/2021,0
Belgium,10/11/2021,0
Belgium,10/12/2021,0
Belgium,10/13/2021,0
Belgium,10/14/2021,0
Belgium,10/15/2021,0
Belgium,10/16/2021,0
Belgium,10/17/2021,0
Belgium,10/18/2021,0
Belgium,10/19/2021,0
Belgium,10/20/2021,0
Belgium,10/21/2021,0
Belgium,10/22/2021,0
Belgium,10/23/2021,0
Belgium,10/24/2021,0
Belgium,10/25/2021,0
Belgium,10/26/2021,0
Belgium,10/27/2021,0
Belgium,10/28/2021,0
Belgium,10/29/2021,0
Belgium,10/30/2021,0
Belgium,10/31/2021,0
Belgium,11/1/2021,0
Belgium,11/2/2021,0
Belgium,11/3/2021,0
Belgium,11/4/2021,0
Belgium,11/5/2021,0
Belgium,11/6/2021,0
Belgium,11/7/2021,0
Belgium,11/8/2021,0
Belgium,11/9/2021,0
Belgium,11/10/2021,0
Belgium,11/11/2021,0
Belgium,11/12/2021,0
Belgium,11/13/2021,0
Belgium,11/14/2021,0
Belgium,11/15/2021,0
Belgium,11/16/2021,0
Belgium,11/17/2021,0
Belgium,11/18/2021,0
Belgium,11/19/2021,0
Belgium,11/20/2021,0
Belgium,11/21/2021,0
Belgium,11/22/2021,0
Belgium,11/23/2021,0
Belgium,11/24/2021,0
Belgium,11/25/2021,0
Belgium,11/26/2021,0
Belgium,11/27/2021,0
Belgium,11/28/2021,0
Belgium,11/29/2021,0
Belgium,11/30/2021,0
Belgium,12/1/2021,0
Belgium,12/2/2021,0
Belgium,12/3/2021,0
Belgium,12/4/2021,0
Belgium,12/5/2021,0
Belgium,12/6/2021,0
Belgium,12/7/2021,0
Belgium,12/8/2021,0
Belgium,12/9/2021,0
Belgium,12/10/2021,0
Belgium,12/11/2021,0
Belgium,12/12/2021,0
Belgium,12/13/2021,0
Belgium,12/14/2021,0
Belgium,12/15/2021,0
Belgium,12/16/2021,0
Belgium,12/17/2021,0
Belgium,12/18/2021,0
Belgium,12/19/2021,0
Belgium,12/20/2021,0
Belgium,12/21/2021,0
Belgium,12/22/2021,0
Belgium,12/23/2021,0
Belgium,12/24/2021,0
Belgium,12/25/2021,0
Belgium,12/26/2021,0
Belgium,12/27/2021,0
Belgium,12/28/2021,0
Belgium,12/29/2021,0
Belgium,12/30/2021,0
Belgium,12/31/2021,0
France,1/1/2020,0
France,1/2/2020,0
France,1/3/2020,0
France,1/4/2020,0
France,1/5/2020,0
France,1/6/2020,0
France,1/7/2020,0
France,1/8/2020,0
France,1/9/2020,0
France,1/10/2020,0
France,1/11/2020,0
France,1/12/2020,0
France,1/13/2020,0
France,1/14/2020,0
France,1/15/2020,0
France,1/16/2020,0
France,1/17/2020,0
France,1/18/2020,0
France,1/19/2020,0
France,1/20/2020,0
France,1/21/2020,0
France,1/22/2020,0
France,1/23/2020,0
France,1/24/2020,0
France,1/25/2020,0
France,1/26/2020,0
France,1/27/2020,0
France,1/28/2020,0
France,1/29/2020,0
France,1/30/2020,0
France,1/31/2020,0
France,2/1/2020,0
France,2/2/2020,0
France,2/3/2020,0
France,2/4/2020,0
France,2/5/2020,0
France,2/6/2020,0
France,2/7/2020,0
France,2/8/2020,0
France,2/9/2020,0
France,2/10/2020,0
France,2/11/2020,0
France,2/12/2020,0
France,2/13/2020,0
France,2/14/2020,0
France,2/15/2020,0
France,2/16/2020,0
France,2/17/2020,0
France,2/18/2020,0
France,2/19/2020,0
France,2/20/2020,0
France,2/21/2020,0
France,2/22/2020,0
France,2/23/2020,0
France,2/24/2020,0
France,2/25/2020,0
France,2/26/2020,0
France,2/27/2020,0
France,2/28/2020,0
France,2/29/2020,0
France,3/1/2020,0
France,3/2/2020,0
France,3/3/2020,0
France,3/4/2020,0
France,3/5/2020,0
France,3/6/2020,0
France,3/7/2020,0
France,3/8/2020,0
France,3/9/2020,0
France,3/10/2020,0
France,3/11/2020,0
France,3/12/2020,0
France,3/13/2020,0
France,3/14/2020,0
France,3/15/2020,0
France,3/16/2020,0
France,3/17/2020,2
France,3/18/2020,2
France,3/19/2020,2
France,3/20/2020,2
France,3/21/2020,2
France,3/22/2020,2
France,3/23/2020,2
France,3/24/2020,2
France,3/25/2020,2
France,3/26/2020,2
France,3/27/2020,2
France,3/28/2020,2
France,3/29/2020,2
France,3/30/2020,2
France,3/31/2020,2
France,4/1/2020,2
France,4/2/2020,2
France,4/3/2020,2
France,4/4/2020,2
France,4/5/2020,2
France,4/6/2020,2
France,4/7/2020,2
France,4/8/2020,2
France,4/9/2020,2
France,4/10/2020,2
France,4/11/2020,2
France,4/12/2020,2
France,4/13/2020,2
France,4/14/2020,2
France,4/15/2020,2
France,4/16/2020,2
France,4/17/2020,2
France,4/18/2020,2
France,4/19/2020,2
France,4/20/2020,2
France,4/21/2020,2
France,4/22/2020,2
France,4/23/2020,2
France,4/24/2020,2
France,4/25/2020,2
France,4/26/2020,2
France,4/27/2020,2
France,4/28/2020,2
France,4/29/2020,2
France,4/30/2020,2
France,5/1/2020,2
France,5/2/2020,2
France,5/3/2020,2
France,5/4/2020,2
France,5/5/2020,2
France,5/6/2020,2
France,5/7/2020,2
France,5/8/2020,2
France,5/9/2020,2
France,5/10/2020,2
France,5/11/2020,1
France,5/12/2020,1
France,5/13/2020,1
France,5/14/2020,1
France,5/15/2020,1
France,5/16/2020,1
France,5/17/2020,1
France,5/18/2020,1
France,5/19/2020,1
France,5/20/2020,1
France,5/21/2020,1
France,5/22/2020,1
France,5/23/2020,1
France,5/24/2020,1
France,5/25/2020,1
France,5/26/2020,1
France,5/27/2020,1
France,5/28/2020,1
France,5/29/2020,1
France,5/30/2020,1
France,5/31/2020,1
France,6/1/2020,1
France,6/2/2020,1
France,6/3/2020,1
France,6/4/2020,1
France,6/5/2020,1
France,6/6/2020,1
France,6/7/2020,1
France,6/8/2020,1
France,6/9/2020,1
France,6/10/2020,1
France,6/11/2020,1
France,6/12/2020,1
France,6/13/2020,1
France,6/14/2020,1
France,6/15/2020,1
France,6/16/2020,1
France,6/17/2020,1
France,6/18/2020,1
France,6/19/2020,1
France,6/20/2020,1
France,6/21/2020,1
France,6/22/2020,0
France,6/23/2020,0
France,6/24/2020,0
France,6/25/2020,0
France,6/26/2020,0
France,6/27/2020,0
France,6/28/2020,0
France,6/29/2020,0
France,6/30/2020,0
France,7/1/2020,0
France,7/2/2020,0
France,7/3/2020,0
France,7/4/2020,0
France,7/5/2020,0
France,7/6/2020,0
France,7/7/2020,0
France,7/8/2020,0
France,7/9/2020,0
France,7/10/2020,0
France,7/11/2020,0
France,7/12/2020,0
France,7/13/2020,0
France,7/14/2020,0
France,7/15/2020,0
France,7/16/2020,0
France,7/17/2020,0
France,7/18/2020,0
France,7/19/2020,0
France,7/20/2020,0
France,7/21/2020,0
France,7/22/2020,0
France,7/23/2020,0
France,7/24/2020,0
France,7/25/2020,0
France,7/26/2020,0
France,7/27/2020,0
France,7/28/2020,0
France,7/29/2020,0
France,7/30/2020,0
France,7/31/2020,0
France,8/1/2020,0
France,8/2/2020,0
France,8/3/2020,0
France,8/4/2020,0
France,8/5/2020,0
France,8/6/2020,0
France,8/7/2020,0
France,8/8/2020,0
France,8/9/2020,0
France,8/10/2020,0
France,8/11/2020,0
France,8/12/2020,0
France,8/13/2020,0
France,8/14/2020,0
France,8/15/2020,0
France,8/16/2020,0
France,8/17/2020,0
France,8/18/2020,0
France,8/19/2020,0
France,8/20/2020,0
France,8/21/2020,0
France,8/22/2020,0
France,8/23/2020,0
France,8/24/2020,0
France,8/25/2020,0
France,8/26/2020,0
France,8/27/2020,0
France,8/28/2020,0
France,8/29/2020,0
France,8/30/2020,0
France,8/31/2020,0
France,9/1/2020,0
France,9/2/2020,0
France,9/3/2020,0
France,9/4/2020,0
France,9/5/2020,0
France,9/6/2020,0
France,9/7/2020,0
France,9/8/2020,0
France,9/9/2020,0
France,9/10/2020,0
France,9/11/2020,0
France,9/12/2020,0
France,9/13/2020,0
France,9/14/2020,0
France,9/15/2020,0
France,9/16/2020,0
France,9/17/2020,0
France,9/18/2020,0
France,9/19/2020,0
France,9/20/2020,0
France,9/21/2020,0
France,9/22/2020,0
France,9/23/2020,0
France,9/24/2020,0
France,9/25/2020,0
France,9/26/2020,0
France,9/27/2020,0
France,9/28/2020,0
France,9/29/2020,0
France,9/30/2020,0
France,10/1/2020,0
France,10/2/2020,0
France,10/3/2020,0
France,10/4/2020,0
France,10/5/2020,0
France,10/6/2020,0
France,10/7/2020,0
France,10/8/2020,0
France,10/9/2020,0
France,10/10/2020,0
France,10/11/2020,0
France,10/12/2020,0
France,10/13/2020,0
France,10/14/2020,0
France,10/15/2020,0
France,10/16/2020,0
France,10/17/2020,2
France,10/18/2020,2
France,10/19/2020,2
France,10/20/2020,2
France,10/21/2020,2
France,10/22/2020,2
France,10/23/2020,2
France,10/24/2020,2
France,10/25/2020,2
France,10/26/2020,2
France,10/27/2020,2
France,10/28/2020,2
France,10/29/2020,2
France,10/30/2020,2
France,10/31/2020,2
France,11/1/2020,2
France,11/2/2020,2
France,11/3/2020,2
France,11/4/2020,2
France,11/5/2020,2
France,11/6/2020,2
France,11/7/2020,2
France,11/8/2020,2
France,11/9/2020,2
France,11/10/2020,2
France,11/11/2020,2
France,11/12/2020,2
France,11/13/2020,2
France,11/14/2020,2
France,11/15/2020,2
France,11/16/2020,2
France,11/17/2020,2
France,11/18/2020,2
France,11/19/2020,2
France,11/20/2020,2
France,11/21/2020,2
France,11/22/2020,2
France,11/23/2020,2
France,11/24/2020,2
France,11/25/2020,2
France,11/26/2020,2
France,11/27/2020,2
France,11/28/2020,2
France,11/29/2020,2
France,11/30/2020,2
France,12/1/2020,2
France,12/2/2020,2
France,12/3/2020,2
France,12/4/2020,2
France,12/5/2020,2
France,12/6/2020,2
France,12/7/2020,2
France,12/8/2020,2
France,12/9/2020,2
France,12/10/2020,2
France,12/11/2020,2
France,12/12/2020,2
France,12/13/2020,2
France,12/14/2020,2
France,12/15/2020,2
France,12/16/2020,2
France,12/17/2020,2
France,12/18/2020,2
France,12/19/2020,2
France,12/20/2020,2
France,12/21/2020,2
France,12/22/2020,2
France,12/23/2020,2
France,12/24/2020,2
France,12/25/2020,2
France,12/26/2020,2
France,12/27/2020,2
France,12/28/2020,2
France,12/29/2020,2
France,12/30/2020,2
France,12/31/2020,2
France,1/1/2021,2
France,1/2/2021,2
France,1/3/2021,2
France,1/4/2021,2
France,1/5/2021,2
France,1/6/2021,2
France,1/7/2021,2
France,1/8/2021,2
France,1/9/2021,2
France,1/10/2021,2
France,1/11/2021,2
France,1/12/2021,2
France,1/13/2021,2
France,1/14/2021,2
France,1/15/2021,2
France,1/16/2021,2
France,1/17/2021,2
France,1/18/2021,2
France,1/19/2021,2
France,1/20/2021,2
France,1/21/2021,2
France,1/22/2021,2
France,1/23/2021,2
France,1/24/2021,2
France,1/25/2021,2
France,1/26/2021,2
France,1/27/2021,2
France,1/28/2021,2
France,1/29/2021,2
France,1/30/2021,2
France,1/31/2021,2
France,2/1/2021,2
France,2/2/2021,2
France,2/3/2021,2
France,2/4/2021,2
France,2/5/2021,2
France,2/6/2021,2
France,2/7/2021,2
France,2/8/2021,2
France,2/9/2021,2
France,2/10/2021,2
France,2/11/2021,2
France,2/12/2021,2
France,2/13/2021,2
France,2/14/2021,2
France,2/15/2021,2
France,2/16/2021,2
France,2/17/2021,2
France,2/18/2021,2
France,2/19/2021,2
France,2/20/2021,2
France,2/21/2021,2
France,2/22/2021,2
France,2/23/2021,2
France,2/24/2021,2
France,2/25/2021,2
France,2/26/2021,2
France,2/27/2021,2
France,2/28/2021,2
France,3/1/2021,2
France,3/2/2021,2
France,3/3/2021,2
France,3/4/2021,2
France,3/5/2021,2
France,3/6/2021,2
France,3/7/2021,2
France,3/8/2021,2
France,3/9/2021,2
France,3/10/2021,2
France,3/11/2021,2
France,3/12/2021,2
France,3/13/2021,2
France,3/14/2021,2
France,3/15/2021,2
France,3/16/2021,2
France,3/17/2021,2
France,3/18/2021,2
France,3/19/2021,2
France,3/20/2021,2
France,3/21/2021,2
France,3/22/2021,2
France,3/23/2021,2
France,3/24/2021,2
France,3/25/2021,2
France,3/26/2021,2
France,3/27/2021,2
France,3/28/2021,2
France,3/29/2021,2
France,3/30/2021,2
France,3/31/2021,2
France,4/1/2021,2
France,4/2/2021,2
France,4/3/2021,2
France,4/4/2021,2
France,4/5/2021,2
France,4/6/2021,2
France,4/7/2021,2
France,4/8/2021,2
France,4/9/2021,2
France,4/10/2021,2
France,4/11/2021,2
France,4/12/2021,2
France,4/13/2021,2
France,4/14/2021,2
France,4/15/2021,2
France,4/16/2021,2
France,4/17/2021,2
France,4/18/2021,2
France,4/19/2021,2
France,4/20/2021,2
France,4/21/2021,2
France,4/22/2021,2
France,4/23/2021,2
France,4/24/2021,2
France,4/25/2021,2
France,4/26/2021,2
France,4/27/2021,2
France,4/28/2021,2
France,4/29/2021,2
France,4/30/2021,2
France,5/1/2021,2
France,5/2/2021,2
France,5/3/2021,2
France,5/4/2021,2
France,5/5/2021,2
France,5/6/2021,2
France,5/7/2021,2
France,5/8/2021,2
France,5/9/2021,2
France,5/10/2021,2
France,5/11/2021,2
France,5/12/2021,2
France,5/13/2021,2
France,5/14/2021,2
France,5/15/2021,2
France,5/16/2021,2
France,5/17/2021,2
France,5/18/2021,2
France,5/19/2021,2
France,5/20/2021,2
France,5/21/2021,2
France,5/22/2021,2
France,5/23/2021,2
France,5/24/2021,2
France,5/25/2021,2
France,5/26/2021,2
France,5/27/2021,2
France,5/28/2021,2
France,5/29/2021,2
France,5/30/2021,2
France,5/31/2021,2
France,6/1/2021,2
France,6/2/2021,2
France,6/3/2021,2
France,6/4/2021,2
France,6/5/2021,2
France,6/6/2021,2
France,6/7/2021,2
France,6/8/2021,2
France,6/9/2021,2
France,6/10/2021,2
France,6/11/2021,2
France,6/12/2021,2
France,6/13/2021,2
France,6/14/2021,2
France,6/15/2021,2
France,6/16/2021,2
France,6/17/2021,2
France,6/18/2021,2
France,6/19/2021,2
France,6/20/2021,0
France,6/21/2021,0
France,6/22/2021,0
France,6/23/2021,0
France,6/24/2021,0
France,6/25/2021,0
France,6/26/2021,0
France,6/27/2021,0
France,6/28/2021,0
France,6/29/2021,0
France,6/30/2021,0
France,7/1/2021,0
France,7/2/2021,0
France,7/3/2021,0
France,7/4/2021,0
France,7/5/2021,0
France,7/6/2021,0
France,7/7/2021,0
France,7/8/2021,0
France,7/9/2021,0
France,7/10/2021,0
France,7/11/2021,0
France,7/12/2021,0
France,7/13/2021,0
France,7/14/2021,0
France,7/15/2021,0
France,7/16/2021,0
France,7/17/2021,0
France,7/18/2021,0
France,7/19/2021,0
France,7/20/2021,0
France,7/21/2021,0
France,7/22/2021,0
France,7/23/2021,0
France,7/24/2021,0
France,7/25/2021,0
France,7/26/2021,0
France,7/27/2021,0
France,7/28/2021,0
France,7/29/2021,0
France,7/30/2021,0
France,7/31/2021,0
France,8/1/2021,0
France,8/2/2021,0
France,8/3/2021,0
France,8/4/2021,0
France,8/5/2021,0
France,8/6/2021,0
France,8/7/2021,0
France,8/8/2021,0
France,8/9/2021,0
France,8/10/2021,0
France,8/11/2021,0
France,8/12/2021,0
France,8/13/2021,0
France,8/14/2021,0
France,8/15/2021,0
France,8/16/2021,0
France,8/17/2021,0
France,8/18/2021,0
France,8/19/2021,0
France,8/20/2021,0
France,8/21/2021,0
France,8/22/2021,0
France,8/23/2021,0
France,8/24/2021,0
France,8/25/2021,0
France,8/26/2021,0
France,8/27/2021,0
France,8/28/2021,0
France,8/29/2021,0
France,8/30/2021,0
France,8/31/2021,0
France,9/1/2021,0
France,9/2/2021,0
France,9/3/2021,0
France,9/4/2021,0
France,9/5/2021,0
France,9/6/2021,0
France,9/7/2021,0
France,9/8/2021,0
France,9/9/2021,0
France,9/10/2021,0
France,9/11/2021,0
France,9/12/2021,0
France,9/13/2021,0
France,9/14/2021,0
France,9/15/2021,0
France,9/16/2021,0
France,9/17/2021,0
France,9/18/2021,0
France,9/19/2021,0
France,9/20/2021,0
France,9/21/2021,0
France,9/22/2021,0
France,9/23/2021,0
France,9/24/2021,0
France,9/25/2021,0
France,9/26/2021,0
France,9/27/2021,0
France,9/28/2021,0
France,9/29/2021,0
France,9/30/2021,0
France,10/1/2021,0
France,10/2/2021,0
France,10/3/2021,0
France,10/4/2021,0
France,10/5/2021,0
France,10/6/2021,0
France,10/7/2021,0
France,10/8/2021,0
France,10/9/2021,0
France,10/10/2021,0
France,10/11/2021,0
France,10/12/2021,0
France,10/13/2021,0
France,10/14/2021,0
France,10/15/2021,0
France,10/16/2021,0
France,10/17/2021,0
France,10/18/2021,0
France,10/19/2021,0
France,10/20/2021,0
France,10/21/2021,0
France,10/22/2021,0
France,10/23/2021,0
France,10/24/2021,0
France,10/25/2021,0
France,10/26/2021,0
France,10/27/2021,0
France,10/28/2021,0
France,10/29/2021,0
France,10/30/2021,0
France,10/31/2021,0
France,11/1/2021,0
France,11/2/2021,0
France,11/3/2021,0
France,11/4/2021,0
France,11/5/2021,0
France,11/6/2021,0
France,11/7/2021,0
France,11/8/2021,0
France,11/9/2021,0
France,11/10/2021,0
France,11/11/2021,0
France,11/12/2021,0
France,11/13/2021,0
France,11/14/2021,0
France,11/15/2021,0
France,11/16/2021,0
France,11/17/2021,0
France,11/18/2021,0
France,11/19/2021,0
France,11/20/2021,0
France,11/21/2021,0
France,11/22/2021,0
France,11/23/2021,0
France,11/24/2021,0
France,11/25/2021,0
France,11/26/2021,0
France,11/27/2021,0
France,11/28/2021,0
France,11/29/2021,0
France,11/30/2021,0
France,12/1/2021,0
France,12/2/2021,0
France,12/3/2021,0
France,12/4/2021,0
France,12/5/2021,0
France,12/6/2021,0
France,12/7/2021,0
France,12/8/2021,0
France,12/9/2021,0
France,12/10/2021,0
France,12/11/2021,0
France,12/12/2021,0
France,12/13/2021,0
France,12/14/2021,0
France,12/15/2021,0
France,12/16/2021,0
France,12/17/2021,0
France,12/18/2021,0
France,12/19/2021,0
France,12/20/2021,0
France,12/21/2021,0
France,12/22/2021,0
France,12/23/2021,0
France,12/24/2021,0
France,12/25/2021,0
France,12/26/2021,0
France,12/27/2021,0
France,12/28/2021,0
France,12/29/2021,0
France,12/30/2021,0
France,12/31/2021,0
Germany,1/1/2020,0
Germany,1/2/2020,0
Germany,1/3/2020,0
Germany,1/4/2020,0
Germany,1/5/2020,0
Germany,1/6/2020,0
Germany,1/7/2020,0
Germany,1/8/2020,0
Germany,1/9/2020,0
Germany,1/10/2020,0
Germany,1/11/2020,0
Germany,1/12/2020,0
Germany,1/13/2020,0
Germany,1/14/2020,0
Germany,1/15/2020,0
Germany,1/16/2020,0
Germany,1/17/2020,0
Germany,1/18/2020,0
Germany,1/19/2020,0
Germany,1/20/2020,0
Germany,1/21/2020,0
Germany,1/22/2020,0
Germany,1/23/2020,0
Germany,1/24/2020,0
Germany,1/25/2020,0
Germany,1/26/2020,0
Germany,1/27/2020,0
Germany,1/28/2020,0
Germany,1/29/2020,0
Germany,1/30/2020,0
Germany,1/31/2020,0
Germany,2/1/2020,0
Germany,2/2/2020,0
Germany,2/3/2020,0
Germany,2/4/2020,0
Germany,2/5/2020,0
Germany,2/6/2020,0
Germany,2/7/2020,0
Germany,2/8/2020,0
Germany,2/9/2020,0
Germany,2/10/2020,0
Germany,2/11/2020,0
Germany,2/12/2020,0
Germany,2/13/2020,0
Germany,2/14/2020,0
Germany,2/15/2020,0
Germany,2/16/2020,0
Germany,2/17/2020,0
Germany,2/18/2020,0
Germany,2/19/2020,0
Germany,2/20/2020,0
Germany,2/21/2020,0
Germany,2/22/2020,0
Germany,2/23/2020,0
Germany,2/24/2020,0
Germany,2/25/2020,0
Germany,2/26/2020,0
Germany,2/27/2020,0
Germany,2/28/2020,0
Germany,2/29/2020,0
Germany,3/1/2020,0
Germany,3/2/2020,0
Germany,3/3/2020,0
Germany,3/4/2020,0
Germany,3/5/2020,0
Germany,3/6/2020,0
Germany,3/7/2020,0
Germany,3/8/2020,0
Germany,3/9/2020,1
Germany,3/10/2020,1
Germany,3/11/2020,1
Germany,3/12/2020,1
Germany,3/13/2020,1
Germany,3/14/2020,1
Germany,3/15/2020,1
Germany,3/16/2020,1
Germany,3/17/2020,1
Germany,3/18/2020,1
Germany,3/19/2020,1
Germany,3/20/2020,1
Germany,3/21/2020,2
Germany,3/22/2020,2
Germany,3/23/2020,2
Germany,3/24/2020,2
Germany,3/25/2020,2
Germany,3/26/2020,2
Germany,3/27/2020,2
Germany,3/28/2020,2
Germany,3/29/2020,2
Germany,3/30/2020,2
Germany,3/31/2020,2
Germany,4/1/2020,2
Germany,4/2/2020,2
Germany,4/3/2020,2
Germany,4/4/2020,2
Germany,4/5/2020,2
Germany,4/6/2020,2
Germany,4/7/2020,2
Germany,4/8/2020,2
Germany,4/9/2020,2
Germany,4/10/2020,2
Germany,4/11/2020,2
Germany,4/12/2020,2
Germany,4/13/2020,2
Germany,4/14/2020,2
Germany,4/15/2020,2
Germany,4/16/2020,2
Germany,4/17/2020,2
Germany,4/18/2020,2
Germany,4/19/2020,2
Germany,4/20/2020,2
Germany,4/21/2020,2
Germany,4/22/2020,2
Germany,4/23/2020,2
Germany,4/24/2020,2
Germany,4/25/2020,2
Germany,4/26/2020,2
Germany,4/27/2020,2
Germany,4/28/2020,2
Germany,4/29/2020,2
Germany,4/30/2020,2
Germany,5/1/2020,2
Germany,5/2/2020,2
Germany,5/3/2020,2
Germany,5/4/2020,2
Germany,5/5/2020,2
Germany,5/6/2020,0
Germany,5/7/2020,0
Germany,5/8/2020,0
Germany,5/9/2020,0
Germany,5/10/2020,0
Germany,5/11/2020,0
Germany,5/12/2020,0
Germany,5/13/2020,0
Germany,5/14/2020,0
Germany,5/15/2020,0
Germany,5/16/2020,0
Germany,5/17/2020,0
Germany,5/18/2020,0
Germany,5/19/2020,0
Germany,5/20/2020,0
Germany,5/21/2020,0
Germany,5/22/2020,0
Germany,5/23/2020,0
Germany,5/24/2020,0
Germany,5/25/2020,0
Germany,5/26/2020,0
Germany,5/27/2020,0
Germany,5/28/2020,0
Germany,5/29/2020,0
Germany,5/30/2020,0
Germany,5/31/2020,0
Germany,6/1/2020,0
Germany,6/2/2020,0
Germany,6/3/2020,0
Germany,6/4/2020,0
Germany,6/5/2020,0
Germany,6/6/2020,0
Germany,6/7/2020,0
Germany,6/8/2020,0
Germany,6/9/2020,0
Germany,6/10/2020,0
Germany,6/11/2020,0
Germany,6/12/2020,0
Germany,6/13/2020,0
Germany,6/14/2020,0
Germany,6/15/2020,0
Germany,6/16/2020,0
Germany,6/17/2020,0
Germany,6/18/2020,0
Germany,6/19/2020,0
Germany,6/20/2020,0
Germany,6/21/2020,0
Germany,6/22/2020,0
Germany,6/23/2020,0
Germany,6/24/2020,0
Germany,6/25/2020,0
Germany,6/26/2020,0
Germany,6/27/2020,0
Germany,6/28/2020,0
Germany,6/29/2020,0
Germany,6/30/2020,0
Germany,7/1/2020,0
Germany,7/2/2020,0
Germany,7/3/2020,0
Germany,7/4/2020,0
Germany,7/5/2020,0
Germany,7/6/2020,0
Germany,7/7/2020,0
Germany,7/8/2020,0
Germany,7/9/2020,0
Germany,7/10/2020,0
Germany,7/11/2020,0
Germany,7/12/2020,0
Germany,7/13/2020,0
Germany,7/14/2020,0
Germany,7/15/2020,0
Germany,7/16/2020,0
Germany,7/17/2020,0
Germany,7/18/2020,0
Germany,7/19/2020,0
Germany,7/20/2020,0
Germany,7/21/2020,0
Germany,7/22/2020,0
Germany,7/23/2020,0
Germany,7/24/2020,0
Germany,7/25/2020,0
Germany,7/26/2020,0
Germany,7/27/2020,0
Germany,7/28/2020,0
Germany,7/29/2020,0
Germany,7/30/2020,0
Germany,7/31/2020,0
Germany,8/1/2020,0
Germany,8/2/2020,0
Germany,8/3/2020,0
Germany,8/4/2020,0
Germany,8/5/2020,0
Germany,8/6/2020,0
Germany,8/7/2020,0
Germany,8/8/2020,0
Germany,8/9/2020,0
Germany,8/10/2020,0
Germany,8/11/2020,0
Germany,8/12/2020,0
Germany,8/13/2020,0
Germany,8/14/2020,0
Germany,8/15/2020,0
Germany,8/16/2020,0
Germany,8/17/2020,0
Germany,8/18/2020,0
Germany,8/19/2020,0
Germany,8/20/2020,0
Germany,8/21/2020,0
Germany,8/22/2020,0
Germany,8/23/2020,0
Germany,8/24/2020,0
Germany,8/25/2020,0
Germany,8/26/2020,0
Germany,8/27/2020,0
Germany,8/28/2020,0
Germany,8/29/2020,0
Germany,8/30/2020,0
Germany,8/31/2020,0
Germany,9/1/2020,0
Germany,9/2/2020,0
Germany,9/3/2020,0
Germany,9/4/2020,0
Germany,9/5/2020,0
Germany,9/6/2020,0
Germany,9/7/2020,0
Germany,9/8/2020,0
Germany,9/9/2020,0
Germany,9/10/2020,0
Germany,9/11/2020,0
Germany,9/12/2020,0
Germany,9/13/2020,0
Germany,9/14/2020,0
Germany,9/15/2020,0
Germany,9/16/2020,0
Germany,9/17/2020,0
Germany,9/18/2020,0
Germany,9/19/2020,0
Germany,9/20/2020,0
Germany,9/21/2020,0
Germany,9/22/2020,0
Germany,9/23/2020,0
Germany,9/24/2020,0
Germany,9/25/2020,0
Germany,9/26/2020,0
Germany,9/27/2020,0
Germany,9/28/2020,0
Germany,9/29/2020,0
Germany,9/30/2020,0
Germany,10/1/2020,0
Germany,10/2/2020,0
Germany,10/3/2020,0
Germany,10/4/2020,0
Germany,10/5/2020,0
Germany,10/6/2020,0
Germany,10/7/2020,0
Germany,10/8/2020,0
Germany,10/9/2020,0
Germany,10/10/2020,0
Germany,10/11/2020,0
Germany,10/12/2020,0
Germany,10/13/2020,0
Germany,10/14/2020,0
Germany,10/15/2020,1
Germany,10/16/2020,1
Germany,10/17/2020,1
Germany,10/18/2020,1
Germany,10/19/2020,1
Germany,10/20/2020,1
Germany,10/21/2020,1
Germany,10/22/2020,2
Germany,10/23/2020,2
Germany,10/24/2020,2
Germany,10/25/2020,2
Germany,10/26/2020,2
Germany,10/27/2020,2
Germany,10/28/2020,2
Germany,10/29/2020,2
Germany,10/30/2020,2
Germany,10/31/2020,2
Germany,11/1/2020,2
Germany,11/2/2020,1
Germany,11/3/2020,1
Germany,11/4/2020,1
Germany,11/5/2020,1
Germany,11/6/2020,1
Germany,11/7/2020,1
Germany,11/8/2020,1
Germany,11/9/2020,1
Germany,11/10/2020,1
Germany,11/11/2020,1
Germany,11/12/2020,1
Germany,11/13/2020,1
Germany,11/14/2020,1
Germany,11/15/2020,1
Germany,11/16/2020,1
Germany,11/17/2020,1
Germany,11/18/2020,1
Germany,11/19/2020,1
Germany,11/20/2020,1
Germany,11/21/2020,1
Germany,11/22/2020,1
Germany,11/23/2020,1
Germany,11/24/2020,1
Germany,11/25/2020,1
Germany,11/26/2020,1
Germany,11/27/2020,1
Germany,11/28/2020,1
Germany,11/29/2020,1
Germany,11/30/2020,1
Germany,12/1/2020,1
Germany,12/2/2020,1
Germany,12/3/2020,1
Germany,12/4/2020,1
Germany,12/5/2020,1
Germany,12/6/2020,1
Germany,12/7/2020,1
Germany,12/8/2020,1
Germany,12/9/2020,1
Germany,12/10/2020,1
Germany,12/11/2020,1
Germany,12/12/2020,1
Germany,12/13/2020,1
Germany,12/14/2020,1
Germany,12/15/2020,1
Germany,12/16/2020,2
Germany,12/17/2020,2
Germany,12/18/2020,2
Germany,12/19/2020,2
Germany,12/20/2020,2
Germany,12/21/2020,2
Germany,12/22/2020,2
Germany,12/23/2020,2
Germany,12/24/2020,2
Germany,12/25/2020,2
Germany,12/26/2020,2
Germany,12/27/2020,2
Germany,12/28/2020,2
Germany,12/29/2020,2
Germany,12/30/2020,2
Germany,12/31/2020,2
Germany,1/1/2021,2
Germany,1/2/2021,2
Germany,1/3/2021,2
Germany,1/4/2021,2
Germany,1/5/2021,2
Germany,1/6/2021,2
Germany,1/7/2021,2
Germany,1/8/2021,2
Germany,1/9/2021,2
Germany,1/10/2021,2
Germany,1/11/2021,2
Germany,1/12/2021,2
Germany,1/13/2021,2
Germany,1/14/2021,2
Germany,1/15/2021,2
Germany,1/16/2021,2
Germany,1/17/2021,2
Germany,1/18/2021,2
Germany,1/19/2021,2
Germany,1/20/2021,2
Germany,1/21/2021,2
Germany,1/22/2021,2
Germany,1/23/2021,2
Germany,1/24/2021,2
Germany,1/25/2021,2
Germany,1/26/2021,2
Germany,1/27/2021,2
Germany,1/28/2021,2
Germany,1/29/2021,2
Germany,1/30/2021,2
Germany,1/31/2021,2
Germany,2/1/2021,2
Germany,2/2/2021,2
Germany,2/3/2021,2
Germany,2/4/2021,2
Germany,2/5/2021,2
Germany,2/6/2021,2
Germany,2/7/2021,2
Germany,2/8/2021,2
Germany,2/9/2021,2
Germany,2/10/2021,2
Germany,2/11/2021,2
Germany,2/12/2021,2
Germany,2/13/2021,2
Germany,2/14/2021,2
Germany,2/15/2021,2
Germany,2/16/2021,2
Germany,2/17/2021,2
Germany,2/18/2021,2
Germany,2/19/2021,2
Germany,2/20/2021,2
Germany,2/21/2021,2
Germany,2/22/2021,2
Germany,2/23/2021,2
Germany,2/24/2021,2
Germany,2/25/2021,2
Germany,2/26/2021,2
Germany,2/27/2021,2
Germany,2/28/2021,2
Germany,3/1/2021,2
Germany,3/2/2021,2
Germany,3/3/2021,2
Germany,3/4/2021,2
Germany,3/5/2021,2
Germany,3/6/2021,2
Germany,3/7/2021,2
Germany,3/8/2021,2
Germany,3/9/2021,2
Germany,3/10/2021,2
Germany,3/11/2021,2
Germany,3/12/2021,2
Germany,3/13/2021,2
Germany,3/14/2021,2
Germany,3/15/2021,2
Germany,3/16/2021,2
Germany,3/17/2021,2
Germany,3/18/2021,2
Germany,3/19/2021,2
Germany,3/20/2021,2
Germany,3/21/2021,2
Germany,3/22/2021,2
Germany,3/23/2021,2
Germany,3/24/2021,2
Germany,3/25/2021,2
Germany,3/26/2021,2
Germany,3/27/2021,2
Germany,3/28/2021,2
Germany,3/29/2021,2
Germany,3/30/2021,2
Germany,3/31/2021,2
Germany,4/1/2021,2
Germany,4/2/2021,2
Germany,4/3/2021,2
Germany,4/4/2021,2
Germany,4/5/2021,2
Germany,4/6/2021,2
Germany,4/7/2021,2
Germany,4/8/2021,2
Germany,4/9/2021,2
Germany,4/10/2021,2
Germany,4/11/2021,2
Germany,4/12/2021,2
Germany,4/13/2021,2
Germany,4/14/2021,2
Germany,4/15/2021,2
Germany,4/16/2021,2
Germany,4/17/2021,2
Germany,4/18/2021,2
Germany,4/19/2021,2
Germany,4/20/2021,2
Germany,4/21/2021,2
Germany,4/22/2021,2
Germany,4/23/2021,2
Germany,4/24/2021,2
Germany,4/25/2021,2
Germany,4/26/2021,2
Germany,4/27/2021,2
Germany,4/28/2021,2
Germany,4/29/2021,2
Germany,4/30/2021,2
Germany,5/1/2021,2
Germany,5/2/2021,2
Germany,5/3/2021,2
Germany,5/4/2021,2
Germany,5/5/2021,2
Germany,5/6/2021,2
Germany,5/7/2021,2
Germany,5/8/2021,2
Germany,5/9/2021,2
Germany,5/10/2021,2
Germany,5/11/2021,2
Germany,5/12/2021,2
Germany,5/13/2021,2
Germany,5/14/2021,2
Germany,5/15/2021,2
Germany,5/16/2021,2
Germany,5/17/2021,2
Germany,5/18/2021,2
Germany,5/19/2021,2
Germany,5/20/2021,2
Germany,5/21/2021,2
Germany,5/22/2021,2
Germany,5/23/2021,2
Germany,5/24/2021,2
Germany,5/25/2021,2
Germany,5/26/2021,2
Germany,5/27/2021,2
Germany,5/28/2021,2
Germany,5/29/2021,2
Germany,5/30/2021,2
Germany,5/31/2021,2
Germany,6/1/2021,2
Germany,6/2/2021,2
Germany,6/3/2021,2
Germany,6/4/2021,2
Germany,6/5/2021,2
Germany,6/6/2021,1
Germany,6/7/2021,1
Germany,6/8/2021,1
Germany,6/9/2021,1
Germany,6/10/2021,1
Germany,6/11/2021,1
Germany,6/12/2021,1
Germany,6/13/2021,1
Germany,6/14/2021,1
Germany,6/15/2021,1
Germany,6/16/2021,1
Germany,6/17/2021,1
Germany,6/18/2021,1
Germany,6/19/2021,1
Germany,6/20/2021,1
Germany,6/21/2021,1
Germany,6/22/2021,1
Germany,6/23/2021,1
Germany,6/24/2021,1
Germany,6/25/2021,1
Germany,6/26/2021,1
Germany,6/27/2021,1
Germany,6/28/2021,1
Germany,6/29/2021,1
Germany,6/30/2021,1
Germany,7/1/2021,1
Germany,7/2/2021,1
Germany,7/3/2021,1
Germany,7/4/2021,1
Germany,7/5/2021,1
Germany,7/6/2021,1
Germany,7/7/2021,1
Germany,7/8/2021,1
Germany,7/9/2021,1
Germany,7/10/2021,1
Germany,7/11/2021,1
Germany,7/12/2021,1
Germany,7/13/2021,1
Germany,7/14/2021,1
Germany,7/15/2021,1
Germany,7/16/2021,1
Germany,7/17/2021,1
Germany,7/18/2021,1
Germany,7/19/2021,1
Germany,7/20/2021,1
Germany,7/21/2021,1
Germany,7/22/2021,1
Germany,7/23/2021,1
Germany,7/24/2021,1
Germany,7/25/2021,1
Germany,7/26/2021,1
Germany,7/27/2021,1
Germany,7/28/2021,1
Germany,7/29/2021,1
Germany,7/30/2021,1
Germany,7/31/2021,1
Germany,8/1/2021,1
Germany,8/2/2021,1
Germany,8/3/2021,1
Germany,8/4/2021,1
Germany,8/5/2021,1
Germany,8/6/2021,1
Germany,8/7/2021,1
Germany,8/8/2021,1
Germany,8/9/2021,1
Germany,8/10/2021,1
Germany,8/11/2021,1
Germany,8/12/2021,1
Germany,8/13/2021,1
Germany,8/14/2021,1
Germany,8/15/2021,1
Germany,8/16/2021,1
Germany,8/17/2021,1
Germany,8/18/2021,1
Germany,8/19/2021,1
Germany,8/20/2021,1
Germany,8/21/2021,1
Germany,8/22/2021,1
Germany,8/23/2021,1
Germany,8/24/2021,1
Germany,8/25/2021,1
Germany,8/26/2021,1
Germany,8/27/2021,1
Germany,8/28/2021,1
Germany,8/29/2021,1
Germany,8/30/2021,1
Germany,8/31/2021,1
Germany,9/1/2021,1
Germany,9/2/2021,1
Germany,9/3/2021,1
Germany,9/4/2021,1
Germany,9/5/2021,1
Germany,9/6/2021,1
Germany,9/7/2021,1
Germany,9/8/2021,1
Germany,9/9/2021,1
Germany,9/10/2021,1
Germany,9/11/2021,1
Germany,9/12/2021,1
Germany,9/13/2021,1
Germany,9/14/2021,1
Germany,9/15/2021,1
Germany,9/16/2021,1
Germany,9/17/2021,1
Germany,9/18/2021,1
Germany,9/19/2021,1
Germany,9/20/2021,1
Germany,9/21/2021,1
Germany,9/22/2021,1
Germany,9/23/2021,1
Germany,9/24/2021,1
Germany,9/25/2021,1
Germany,9/26/2021,1
Germany,9/27/2021,1
Germany,9/28/2021,1
Germany,9/29/2021,1
Germany,9/30/2021,1
Germany,10/1/2021,1
Germany,10/2/2021,1
Germany,10/3/2021,1
Germany,10/4/2021,1
Germany,10/5/2021,1
Germany,10/6/2021,1
Germany,10/7/2021,1
Germany,10/8/2021,1
Germany,10/9/2021,1
Germany,10/10/2021,0
Germany,10/11/2021,0
Germany,10/12/2021,0
Germany,10/13/2021,0
Germany,10/14/2021,0
Germany,10/15/2021,0
Germany,10/16/2021,0
Germany,10/17/2021,0
Germany,10/18/2021,0
Germany,10/19/2021,0
Germany,10/20/2021,0
Germany,10/21/2021,0
Germany,10/22/2021,0
Germany,10/23/2021,0
Germany,10/24/2021,0
Germany,10/25/2021,0
Germany,10/26/2021,0
Germany,10/27/2021,0
Germany,10/28/2021,0
Germany,10/29/2021,0
Germany,10/30/2021,0
Germany,10/31/2021,0
Germany,11/1/2021,0
Germany,11/2/2021,0
Germany,11/3/2021,0
Germany,11/4/2021,0
Germany,11/5/2021,0
Germany,11/6/2021,0
Germany,11/7/2021,0
Germany,11/8/2021,0
Germany,11/9/2021,0
Germany,11/10/2021,0
Germany,11/11/2021,0
Germany,11/12/2021,0
Germany,11/13/2021,0
Germany,11/14/2021,0
Germany,11/15/2021,1
Germany,11/16/2021,1
Germany,11/17/2021,1
Germany,11/18/2021,1
Germany,11/19/2021,1
Germany,11/20/2021,1
Germany,11/21/2021,1
Germany,11/22/2021,1
Germany,11/23/2021,1
Germany,11/24/2021,1
Germany,11/25/2021,1
Germany,11/26/2021,1
Germany,11/27/2021,1
Germany,11/28/2021,1
Germany,11/29/2021,1
Germany,11/30/2021,1
Germany,12/1/2021,1
Germany,12/2/2021,1
Germany,12/3/2021,1
Germany,12/4/2021,1
Germany,12/5/2021,1
Germany,12/6/2021,1
Germany,12/7/2021,1
Germany,12/8/2021,1
Germany,12/9/2021,1
Germany,12/10/2021,1
Germany,12/11/2021,1
Germany,12/12/2021,1
Germany,12/13/2021,1
Germany,12/14/2021,1
Germany,12/15/2021,1
Germany,12/16/2021,1
Germany,12/17/2021,1
Germany,12/18/2021,1
Germany,12/19/2021,1
Germany,12/20/2021,1
Germany,12/21/2021,1
Germany,12/22/2021,1
Germany,12/23/2021,1
Germany,12/24/2021,1
Germany,12/25/2021,1
Germany,12/26/2021,1
Germany,12/27/2021,1
Germany,12/28/2021,1
Germany,12/29/2021,1
Germany,12/30/2021,1
Germany,12/31/2021,1
Italy,1/1/2020,0
Italy,1/2/2020,0
Italy,1/3/2020,0
Italy,1/4/2020,0
Italy,1/5/2020,0
Italy,1/6/2020,0
Italy,1/7/2020,0
Italy,1/8/2020,0
Italy,1/9/2020,0
Italy,1/10/2020,0
Italy,1/11/2020,0
Italy,1/12/2020,0
Italy,1/13/2020,0
Italy,1/14/2020,0
Italy,1/15/2020,0
Italy,1/16/2020,0
Italy,1/17/2020,0
Italy,1/18/2020,0
Italy,1/19/2020,0
Italy,1/20/2020,0
Italy,1/21/2020,0
Italy,1/22/2020,0
Italy,1/23/2020,0
Italy,1/24/2020,0
Italy,1/25/2020,0
Italy,1/26/2020,0
Italy,1/27/2020,0
Italy,1/28/2020,0
Italy,1/29/2020,0
Italy,1/30/2020,0
Italy,1/31/2020,0
Italy,2/1/2020,0
Italy,2/2/2020,0
Italy,2/3/2020,0
Italy,2/4/2020,0
Italy,2/5/2020,0
Italy,2/6/2020,0
Italy,2/7/2020,0
Italy,2/8/2020,0
Italy,2/9/2020,0
Italy,2/10/2020,0
Italy,2/11/2020,0
Italy,2/12/2020,0
Italy,2/13/2020,0
Italy,2/14/2020,0
Italy,2/15/2020,0
Italy,2/16/2020,0
Italy,2/17/2020,0
Italy,2/18/2020,0
Italy,2/19/2020,0
Italy,2/20/2020,0
Italy,2/21/2020,0
Italy,2/22/2020,0
Italy,2/23/2020,2
Italy,2/24/2020,2
Italy,2/25/2020,2
Italy,2/26/2020,2
Italy,2/27/2020,2
Italy,2/28/2020,2
Italy,2/29/2020,2
Italy,3/1/2020,2
Italy,3/2/2020,2
Italy,3/3/2020,2
Italy,3/4/2020,2
Italy,3/5/2020,2
Italy,3/6/2020,2
Italy,3/7/2020,2
Italy,3/8/2020,2
Italy,3/9/2020,2
Italy,3/10/2020,2
Italy,3/11/2020,2
Italy,3/12/2020,2
Italy,3/13/2020,2
Italy,3/14/2020,2
Italy,3/15/2020,2
Italy,3/16/2020,2
Italy,3/17/2020,2
Italy,3/18/2020,2
Italy,3/19/2020,2
Italy,3/20/2020,2
Italy,3/21/2020,2
Italy,3/22/2020,2
Italy,3/23/2020,2
Italy,3/24/2020,2
Italy,3/25/2020,2
Italy,3/26/2020,2
Italy,3/27/2020,2
Italy,3/28/2020,2
Italy,3/29/2020,2
Italy,3/30/2020,2
Italy,3/31/2020,2
Italy,4/1/2020,2
Italy,4/2/2020,2
Italy,4/3/2020,2
Italy,4/4/2020,2
Italy,4/5/2020,2
Italy,4/6/2020,2
Italy,4/7/2020,2
Italy,4/8/2020,2
Italy,4/9/2020,2
Italy,4/10/2020,2
Italy,4/11/2020,2
Italy,4/12/2020,2
Italy,4/13/2020,2
Italy,4/14/2020,2
Italy,4/15/2020,2
Italy,4/16/2020,2
Italy,4/17/2020,2
Italy,4/18/2020,2
Italy,4/19/2020,2
Italy,4/20/2020,2
Italy,4/21/2020,2
Italy,4/22/2020,2
Italy,4/23/2020,2
Italy,4/24/2020,2
Italy,4/25/2020,2
Italy,4/26/2020,2
Italy,4/27/2020,2
Italy,4/28/2020,2
Italy,4/29/2020,2
Italy,4/30/2020,2
Italy,5/1/2020,2
Italy,5/2/2020,2
Italy,5/3/2020,2
Italy,5/4/2020,2
Italy,5/5/2020,2
Italy,5/6/2020,2
Italy,5/7/2020,2
Italy,5/8/2020,2
Italy,5/9/2020,2
Italy,5/10/2020,2
Italy,5/11/2020,2
Italy,5/12/2020,2
Italy,5/13/2020,2
Italy,5/14/2020,2
Italy,5/15/2020,2
Italy,5/16/2020,2
Italy,5/17/2020,2
Italy,5/18/2020,2
Italy,5/19/2020,2
Italy,5/20/2020,2
Italy,5/21/2020,2
Italy,5/22/2020,2
Italy,5/23/2020,2
Italy,5/24/2020,2
Italy,5/25/2020,2
Italy,5/26/2020,2
Italy,5/27/2020,2
Italy,5/28/2020,2
Italy,5/29/2020,2
Italy,5/30/2020,2
Italy,5/31/2020,2
Italy,6/1/2020,2
Italy,6/2/2020,2
Italy,6/3/2020,2
Italy,6/4/2020,2
Italy,6/5/2020,2
Italy,6/6/2020,2
Italy,6/7/2020,2
Italy,6/8/2020,2
Italy,6/9/2020,2
Italy,6/10/2020,2
Italy,6/11/2020,2
Italy,6/12/2020,2
Italy,6/13/2020,2
Italy,6/14/2020,2
Italy,6/15/2020,2
Italy,6/16/2020,2
Italy,6/17/2020,2
Italy,6/18/2020,2
Italy,6/19/2020,2
Italy,6/20/2020,2
Italy,6/21/2020,2
Italy,6/22/2020,2
Italy,6/23/2020,2
Italy,6/24/2020,2
Italy,6/25/2020,2
Italy,6/26/2020,2
Italy,6/27/2020,2
Italy,6/28/2020,2
Italy,6/29/2020,2
Italy,6/30/2020,2
Italy,7/1/2020,2
Italy,7/2/2020,2
Italy,7/3/2020,2
Italy,7/4/2020,2
Italy,7/5/2020,2
Italy,7/6/2020,2
Italy,7/7/2020,2
Italy,7/8/2020,2
Italy,7/9/2020,2
Italy,7/10/2020,2
Italy,7/11/2020,2
Italy,7/12/2020,2
Italy,7/13/2020,2
Italy,7/14/2020,2
Italy,7/15/2020,2
Italy,7/16/2020,2
Italy,7/17/2020,2
Italy,7/18/2020,2
Italy,7/19/2020,2
Italy,7/20/2020,2
Italy,7/21/2020,2
Italy,7/22/2020,2
Italy,7/23/2020,2
Italy,7/24/2020,2
Italy,7/25/2020,2
Italy,7/26/2020,2
Italy,7/27/2020,2
Italy,7/28/2020,2
Italy,7/29/2020,2
Italy,7/30/2020,2
Italy,7/31/2020,2
Italy,8/1/2020,2
Italy,8/2/2020,2
Italy,8/3/2020,2
Italy,8/4/2020,2
Italy,8/5/2020,2
Italy,8/6/2020,2
Italy,8/7/2020,2
Italy,8/8/2020,2
Italy,8/9/2020,2
Italy,8/10/2020,2
Italy,8/11/2020,2
Italy,8/12/2020,2
Italy,8/13/2020,2
Italy,8/14/2020,2
Italy,8/15/2020,2
Italy,8/16/2020,2
Italy,8/17/2020,2
Italy,8/18/2020,2
Italy,8/19/2020,2
Italy,8/20/2020,2
Italy,8/21/2020,2
Italy,8/22/2020,2
Italy,8/23/2020,2
Italy,8/24/2020,2
Italy,8/25/2020,2
Italy,8/26/2020,2
Italy,8/27/2020,2
Italy,8/28/2020,2
Italy,8/29/2020,2
Italy,8/30/2020,2
Italy,8/31/2020,2
Italy,9/1/2020,2
Italy,9/2/2020,2
Italy,9/3/2020,2
Italy,9/4/2020,2
Italy,9/5/2020,2
Italy,9/6/2020,2
Italy,9/7/2020,2
Italy,9/8/2020,2
Italy,9/9/2020,2
Italy,9/10/2020,2
Italy,9/11/2020,2
Italy,9/12/2020,2
Italy,9/13/2020,2
Italy,9/14/2020,2
Italy,9/15/2020,2
Italy,9/16/2020,2
Italy,9/17/2020,2
Italy,9/18/2020,2
Italy,9/19/2020,2
Italy,9/20/2020,2
Italy,9/21/2020,2
Italy,9/22/2020,2
Italy,9/23/2020,2
Italy,9/24/2020,2
Italy,9/25/2020,2
Italy,9/26/2020,2
Italy,9/27/2020,2
Italy,9/28/2020,2
Italy,9/29/2020,2
Italy,9/30/2020,2
Italy,10/1/2020,2
Italy,10/2/2020,2
Italy,10/3/2020,2
Italy,10/4/2020,2
Italy,10/5/2020,2
Italy,10/6/2020,2
Italy,10/7/2020,2
Italy,10/8/2020,2
Italy,10/9/2020,2
Italy,10/10/2020,2
Italy,10/11/2020,2
Italy,10/12/2020,2
Italy,10/13/2020,2
Italy,10/14/2020,2
Italy,10/15/2020,2
Italy,10/16/2020,2
Italy,10/17/2020,2
Italy,10/18/2020,2
Italy,10/19/2020,2
Italy,10/20/2020,2
Italy,10/21/2020,2
Italy,10/22/2020,2
Italy,10/23/2020,2
Italy,10/24/2020,2
Italy,10/25/2020,2
Italy,10/26/2020,2
Italy,10/27/2020,2
Italy,10/28/2020,2
Italy,10/29/2020,2
Italy,10/30/2020,2
Italy,10/31/2020,2
Italy,11/1/2020,2
Italy,11/2/2020,2
Italy,11/3/2020,2
Italy,11/4/2020,2
Italy,11/5/2020,2
Italy,11/6/2020,2
Italy,11/7/2020,2
Italy,11/8/2020,2
Italy,11/9/2020,2
Italy,11/10/2020,2
Italy,11/11/2020,2
Italy,11/12/2020,2
Italy,11/13/2020,2
Italy,11/14/2020,2
Italy,11/15/2020,2
Italy,11/16/2020,2
Italy,11/17/2020,2
Italy,11/18/2020,2
Italy,11/19/2020,2
Italy,11/20/2020,2
Italy,11/21/2020,2
Italy,11/22/2020,2
Italy,11/23/2020,2
Italy,11/24/2020,2
Italy,11/25/2020,2
Italy,11/26/2020,2
Italy,11/27/2020,2
Italy,11/28/2020,2
Italy,11/29/2020,2
Italy,11/30/2020,2
Italy,12/1/2020,2
Italy,12/2/2020,2
Italy,12/3/2020,2
Italy,12/4/2020,2
Italy,12/5/2020,2
Italy,12/6/2020,2
Italy,12/7/2020,2
Italy,12/8/2020,2
Italy,12/9/2020,2
Italy,12/10/2020,2
Italy,12/11/2020,2
Italy,12/12/2020,2
Italy,12/13/2020,2
Italy,12/14/2020,2
Italy,12/15/2020,2
Italy,12/16/2020,2
Italy,12/17/2020,2
Italy,12/18/2020,2
Italy,12/19/2020,2
Italy,12/20/2020,2
Italy,12/21/2020,2
Italy,12/22/2020,2
Italy,12/23/2020,2
Italy,12/24/2020,2
Italy,12/25/2020,2
Italy,12/26/2020,2
Italy,12/27/2020,2
Italy,12/28/2020,2
Italy,12/29/2020,2
Italy,12/30/2020,2
Italy,12/31/2020,2
Italy,1/1/2021,2
Italy,1/2/2021,2
Italy,1/3/2021,2
Italy,1/4/2021,2
Italy,1/5/2021,2
Italy,1/6/2021,2
Italy,1/7/2021,2
Italy,1/8/2021,2
Italy,1/9/2021,2
Italy,1/10/2021,2
Italy,1/11/2021,2
Italy,1/12/2021,2
Italy,1/13/2021,2
Italy,1/14/2021,2
Italy,1/15/2021,2
Italy,1/16/2021,2
Italy,1/17/2021,2
Italy,1/18/2021,2
Italy,1/19/2021,2
Italy,1/20/2021,2
Italy,1/21/2021,2
Italy,1/22/2021,2
Italy,1/23/2021,2
Italy,1/24/2021,2
Italy,1/25/2021,2
Italy,1/26/2021,2
Italy,1/27/2021,2
Italy,1/28/2021,2
Italy,1/29/2021,2
Italy,1/30/2021,2
Italy,1/31/2021,2
Italy,2/1/2021,2
Italy,2/2/2021,2
Italy,2/3/2021,2
Italy,2/4/2021,2
Italy,2/5/2021,2
Italy,2/6/2021,2
Italy,2/7/2021,2
Italy,2/8/2021,2
Italy,2/9/2021,2
Italy,2/10/2021,2
Italy,2/11/2021,2
Italy,2/12/2021,2
Italy,2/13/2021,2
Italy,2/14/2021,2
Italy,2/15/2021,2
Italy,2/16/2021,2
Italy,2/17/2021,2
Italy,2/18/2021,2
Italy,2/19/2021,2
Italy,2/20/2021,2
Italy,2/21/2021,2
Italy,2/22/2021,2
Italy,2/23/2021,2
Italy,2/24/2021,2
Italy,2/25/2021,2
Italy,2/26/2021,2
Italy,2/27/2021,2
Italy,2/28/2021,2
Italy,3/1/2021,2
Italy,3/2/2021,2
Italy,3/3/2021,2
Italy,3/4/2021,2
Italy,3/5/2021,2
Italy,3/6/2021,2
Italy,3/7/2021,2
Italy,3/8/2021,2
Italy,3/9/2021,2
Italy,3/10/2021,2
Italy,3/11/2021,2
Italy,3/12/2021,2
Italy,3/13/2021,2
Italy,3/14/2021,2
Italy,3/15/2021,2
Italy,3/16/2021,2
Italy,3/17/2021,2
Italy,3/18/2021,2
Italy,3/19/2021,2
Italy,3/20/2021,2
Italy,3/21/2021,2
Italy,3/22/2021,2
Italy,3/23/2021,2
Italy,3/24/2021,2
Italy,3/25/2021,2
Italy,3/26/2021,2
Italy,3/27/2021,2
Italy,3/28/2021,2
Italy,3/29/2021,2
Italy,3/30/2021,2
Italy,3/31/2021,2
Italy,4/1/2021,2
Italy,4/2/2021,2
Italy,4/3/2021,2
Italy,4/4/2021,2
Italy,4/5/2021,2
Italy,4/6/2021,2
Italy,4/7/2021,2
Italy,4/8/2021,2
Italy,4/9/2021,2
Italy,4/10/2021,2
Italy,4/11/2021,2
Italy,4/12/2021,2
Italy,4/13/2021,2
Italy,4/14/2021,2
Italy,4/15/2021,2
Italy,4/16/2021,2
Italy,4/17/2021,2
Italy,4/18/2021,2
Italy,4/19/2021,2
Italy,4/20/2021,2
Italy,4/21/2021,2
Italy,4/22/2021,2
Italy,4/23/2021,2
Italy,4/24/2021,2
Italy,4/25/2021,2
Italy,4/26/2021,2
Italy,4/27/2021,2
Italy,4/28/2021,2
Italy,4/29/2021,2
Italy,4/30/2021,2
Italy,5/1/2021,2
Italy,5/2/2021,2
Italy,5/3/2021,2
Italy,5/4/2021,2
Italy,5/5/2021,2
Italy,5/6/2021,2
Italy,5/7/2021,2
Italy,5/8/2021,2
Italy,5/9/2021,2
Italy,5/10/2021,2
Italy,5/11/2021,2
Italy,5/12/2021,2
Italy,5/13/2021,2
Italy,5/14/2021,2
Italy,5/15/2021,2
Italy,5/16/2021,2
Italy,5/17/2021,2
Italy,5/18/2021,2
Italy,5/19/2021,2
Italy,5/20/2021,2
Italy,5/21/2021,2
Italy,5/22/2021,2
Italy,5/23/2021,2
Italy,5/24/2021,2
Italy,5/25/2021,2
Italy,5/26/2021,2
Italy,5/27/2021,2
Italy,5/28/2021,2
Italy,5/29/2021,2
Italy,5/30/2021,2
Italy,5/31/2021,2
Italy,6/1/2021,2
Italy,6/2/2021,2
Italy,6/3/2021,2
Italy,6/4/2021,2
Italy,6/5/2021,2
Italy,6/6/2021,2
Italy,6/7/2021,2
Italy,6/8/2021,2
Italy,6/9/2021,2
Italy,6/10/2021,2
Italy,6/11/2021,2
Italy,6/12/2021,2
Italy,6/13/2021,2
Italy,6/14/2021,2
Italy,6/15/2021,2
Italy,6/16/2021,2
Italy,6/17/2021,2
Italy,6/18/2021,2
Italy,6/19/2021,2
Italy,6/20/2021,2
Italy,6/21/2021,2
Italy,6/22/2021,2
Italy,6/23/2021,2
Italy,6/24/2021,2
Italy,6/25/2021,2
Italy,6/26/2021,2
Italy,6/27/2021,2
Italy,6/28/2021,2
Italy,6/29/2021,2
Italy,6/30/2021,2
Italy,7/1/2021,0
Italy,7/2/2021,0
Italy,7/3/2021,0
Italy,7/4/2021,0
Italy,7/5/2021,0
Italy,7/6/2021,0
Italy,7/7/2021,0
Italy,7/8/2021,0
Italy,7/9/2021,0
Italy,7/10/2021,0
Italy,7/11/2021,0
Italy,7/12/2021,0
Italy,7/13/2021,0
Italy,7/14/2021,2
Italy,7/15/2021,2
Italy,7/16/2021,2
Italy,7/17/2021,2
Italy,7/18/2021,2
Italy,7/19/2021,2
Italy,7/20/2021,2
Italy,7/21/2021,2
Italy,7/22/2021,2
Italy,7/23/2021,2
Italy,7/24/2021,2
Italy,7/25/2021,2
Italy,7/26/2021,2
Italy,7/27/2021,2
Italy,7/28/2021,2
Italy,7/29/2021,2
Italy,7/30/2021,2
Italy,7/31/2021,2
Italy,8/1/2021,2
Italy,8/2/2021,2
Italy,8/3/2021,2
Italy,8/4/2021,2
Italy,8/5/2021,2
Italy,8/6/2021,2
Italy,8/7/2021,2
Italy,8/8/2021,2
Italy,8/9/2021,2
Italy,8/10/2021,2
Italy,8/11/2021,2
Italy,8/12/2021,2
Italy,8/13/2021,2
Italy,8/14/2021,2
Italy,8/15/2021,2
Italy,8/16/2021,2
Italy,8/17/2021,2
Italy,8/18/2021,2
Italy,8/19/2021,2
Italy,8/20/2021,2
Italy,8/21/2021,2
Italy,8/22/2021,2
Italy,8/23/2021,2
Italy,8/24/2021,2
Italy,8/25/2021,2
Italy,8/26/2021,2
Italy,8/27/2021,2
Italy,8/28/2021,2
Italy,8/29/2021,2
Italy,8/30/2021,2
Italy,8/31/2021,2
Italy,9/1/2021,2
Italy,9/2/2021,2
Italy,9/3/2021,2
Italy,9/4/2021,2
Italy,9/5/2021,2
Italy,9/6/2021,2
Italy,9/7/2021,2
Italy,9/8/2021,2
Italy,9/9/2021,2
Italy,9/10/2021,2
Italy,9/11/2021,2
Italy,9/12/2021,2
Italy,9/13/2021,2
Italy,9/14/2021,2
Italy,9/15/2021,2
Italy,9/16/2021,2
Italy,9/17/2021,2
Italy,9/18/2021,2
Italy,9/19/2021,2
Italy,9/20/2021,2
Italy,9/21/2021,2
Italy,9/22/2021,2
Italy,9/23/2021,2
Italy,9/24/2021,2
Italy,9/25/2021,2
Italy,9/26/2021,2
Italy,9/27/2021,2
Italy,9/28/2021,2
Italy,9/29/2021,2
Italy,9/30/2021,2
Italy,10/1/2021,2
Italy,10/2/2021,2
Italy,10/3/2021,2
Italy,10/4/2021,2
Italy,10/5/2021,2
Italy,10/6/2021,2
Italy,10/7/2021,2
Italy,10/8/2021,2
Italy,10/9/2021,2
Italy,10/10/2021,2
Italy,10/11/2021,2
Italy,10/12/2021,2
Italy,10/13/2021,2
Italy,10/14/2021,2
Italy,10/15/2021,2
Italy,10/16/2021,2
Italy,10/17/2021,2
Italy,10/18/2021,2
Italy,10/19/2021,1
Italy,10/20/2021,1
Italy,10/21/2021,1
Italy,10/22/2021,1
Italy,10/23/2021,1
Italy,10/24/2021,1
Italy,10/25/2021,2
Italy,10/26/2021,2
Italy,10/27/2021,2
Italy,10/28/2021,2
Italy,10/29/2021,2
Italy,10/30/2021,2
Italy,10/31/2021,2
Italy,11/1/2021,2
Italy,11/2/2021,2
Italy,11/3/2021,2
Italy,11/4/2021,2
Italy,11/5/2021,2
Italy,11/6/2021,2
Italy,11/7/2021,2
Italy,11/8/2021,2
Italy,11/9/2021,2
Italy,11/10/2021,2
Italy,11/11/2021,2
Italy,11/12/2021,2
Italy,11/13/2021,2
Italy,11/14/2021,2
Italy,11/15/2021,2
Italy,11/16/2021,2
Italy,11/17/2021,2
Italy,11/18/2021,2
Italy,11/19/2021,2
Italy,11/20/2021,2
Italy,11/21/2021,2
Italy,11/22/2021,2
Italy,11/23/2021,2
Italy,11/24/2021,2
Italy,11/25/2021,2
Italy,11/26/2021,2
Italy,11/27/2021,2
Italy,11/28/2021,2
Italy,11/29/2021,2
Italy,11/30/2021,2
Italy,12/1/2021,2
Italy,12/2/2021,2
Italy,12/3/2021,2
Italy,12/4/2021,2
Italy,12/5/2021,2
Italy,12/6/2021,2
Italy,12/7/2021,2
Italy,12/8/2021,2
Italy,12/9/2021,2
Italy,12/10/2021,2
Italy,12/11/2021,2
Italy,12/12/2021,2
Italy,12/13/2021,2
Italy,12/14/2021,2
Italy,12/15/2021,2
Italy,12/16/2021,2
Italy,12/17/2021,2
Italy,12/18/2021,2
Italy,12/19/2021,2
Italy,12/20/2021,2
Italy,12/21/2021,2
Italy,12/22/2021,2
Italy,12/23/2021,2
Italy,12/24/2021,2
Italy,12/25/2021,2
Italy,12/26/2021,2
Italy,12/27/2021,2
Italy,12/28/2021,2
Italy,12/29/2021,2
Italy,12/30/2021,2
Italy,12/31/2021,2
Poland,1/1/2020,0
Poland,1/2/2020,0
Poland,1/3/2020,0
Poland,1/4/2020,0
Poland,1/5/2020,0
Poland,1/6/2020,0
Poland,1/7/2020,0
Poland,1/8/2020,0
Poland,1/9/2020,0
Poland,1/10/2020,0
Poland,1/11/2020,0
Poland,1/12/2020,0
Poland,1/13/2020,0
Poland,1/14/2020,0
Poland,1/15/2020,0
Poland,1/16/2020,0
Poland,1/17/2020,0
Poland,1/18/2020,0
Poland,1/19/2020,0
Poland,1/20/2020,0
Poland,1/21/2020,0
Poland,1/22/2020,0
Poland,1/23/2020,0
Poland,1/24/2020,0
Poland,1/25/2020,0
Poland,1/26/2020,0
Poland,1/27/2020,0
Poland,1/28/2020,0
Poland,1/29/2020,0
Poland,1/30/2020,0
Poland,1/31/2020,0
Poland,2/1/2020,0
Poland,2/2/2020,0
Poland,2/3/2020,0
Poland,2/4/2020,0
Poland,2/5/2020,0
Poland,2/6/2020,0
Poland,2/7/2020,0
Poland,2/8/2020,0
Poland,2/9/2020,0
Poland,2/10/2020,0
Poland,2/11/2020,0
Poland,2/12/2020,0
Poland,2/13/2020,0
Poland,2/14/2020,0
Poland,2/15/2020,0
Poland,2/16/2020,0
Poland,2/17/2020,0
Poland,2/18/2020,0
Poland,2/19/2020,0
Poland,2/20/2020,0
Poland,2/21/2020,0
Poland,2/22/2020,0
Poland,2/23/2020,0
Poland,2/24/2020,0
Poland,2/25/2020,0
Poland,2/26/2020,0
Poland,2/27/2020,0
Poland,2/28/2020,0
Poland,2/29/2020,0
Poland,3/1/2020,0
Poland,3/2/2020,0
Poland,3/3/2020,0
Poland,3/4/2020,0
Poland,3/5/2020,0
Poland,3/6/2020,0
Poland,3/7/2020,0
Poland,3/8/2020,0
Poland,3/9/2020,0
Poland,3/10/2020,0
Poland,3/11/2020,0
Poland,3/12/2020,0
Poland,3/13/2020,0
Poland,3/14/2020,0
Poland,3/15/2020,0
Poland,3/16/2020,0
Poland,3/17/2020,0
Poland,3/18/2020,0
Poland,3/19/2020,0
Poland,3/20/2020,0
Poland,3/21/2020,0
Poland,3/22/2020,0
Poland,3/23/2020,0
Poland,3/24/2020,0
Poland,3/25/2020,0
Poland,3/26/2020,0
Poland,3/27/2020,0
Poland,3/28/2020,0
Poland,3/29/2020,0
Poland,3/30/2020,0
Poland,3/31/2020,2
Poland,4/1/2020,2
Poland,4/2/2020,2
Poland,4/3/2020,2
Poland,4/4/2020,2
Poland,4/5/2020,2
Poland,4/6/2020,2
Poland,4/7/2020,2
Poland,4/8/2020,2
Poland,4/9/2020,2
Poland,4/10/2020,2
Poland,4/11/2020,2
Poland,4/12/2020,2
Poland,4/13/2020,2
Poland,4/14/2020,2
Poland,4/15/2020,2
Poland,4/16/2020,2
Poland,4/17/2020,2
Poland,4/18/2020,2
Poland,4/19/2020,2
Poland,4/20/2020,1
Poland,4/21/2020,1
Poland,4/22/2020,1
Poland,4/23/2020,1
Poland,4/24/2020,1
Poland,4/25/2020,1
Poland,4/26/2020,1
Poland,4/27/2020,1
Poland,4/28/2020,1
Poland,4/29/2020,1
Poland,4/30/2020,1
Poland,5/1/2020,1
Poland,5/2/2020,1
Poland,5/3/2020,1
Poland,5/4/2020,1
Poland,5/5/2020,1
Poland,5/6/2020,1
Poland,5/7/2020,1
Poland,5/8/2020,1
Poland,5/9/2020,1
Poland,5/10/2020,1
Poland,5/11/2020,1
Poland,5/12/2020,1
Poland,5/13/2020,1
Poland,5/14/2020,1
Poland,5/15/2020,1
Poland,5/16/2020,1
Poland,5/17/2020,1
Poland,5/18/2020,1
Poland,5/19/2020,1
Poland,5/20/2020,1
Poland,5/21/2020,1
Poland,5/22/2020,1
Poland,5/23/2020,1
Poland,5/24/2020,1
Poland,5/25/2020,1
Poland,5/26/2020,1
Poland,5/27/2020,1
Poland,5/28/2020,1
Poland,5/29/2020,1
Poland,5/30/2020,0
Poland,5/31/2020,0
Poland,6/1/2020,0
Poland,6/2/2020,0
Poland,6/3/2020,0
Poland,6/4/2020,0
Poland,6/5/2020,0
Poland,6/6/2020,0
Poland,6/7/2020,0
Poland,6/8/2020,0
Poland,6/9/2020,0
Poland,6/10/2020,0
Poland,6/11/2020,0
Poland,6/12/2020,0
Poland,6/13/2020,0
Poland,6/14/2020,0
Poland,6/15/2020,0
Poland,6/16/2020,0
Poland,6/17/2020,0
Poland,6/18/2020,0
Poland,6/19/2020,0
Poland,6/20/2020,0
Poland,6/21/2020,0
Poland,6/22/2020,0
Poland,6/23/2020,0
Poland,6/24/2020,0
Poland,6/25/2020,0
Poland,6/26/2020,0
Poland,6/27/2020,0
Poland,6/28/2020,0
Poland,6/29/2020,0
Poland,6/30/2020,0
Poland,7/1/2020,0
Poland,7/2/2020,0
Poland,7/3/2020,0
Poland,7/4/2020,0
Poland,7/5/2020,0
Poland,7/6/2020,0
Poland,7/7/2020,0
Poland,7/8/2020,0
Poland,7/9/2020,0
Poland,7/10/2020,0
Poland,7/11/2020,0
Poland,7/12/2020,0
Poland,7/13/2020,0
Poland,7/14/2020,0
Poland,7/15/2020,0
Poland,7/16/2020,0
Poland,7/17/2020,0
Poland,7/18/2020,0
Poland,7/19/2020,0
Poland,7/20/2020,0
Poland,7/21/2020,0
Poland,7/22/2020,0
Poland,7/23/2020,0
Poland,7/24/2020,0
Poland,7/25/2020,0
Poland,7/26/2020,0
Poland,7/27/2020,0
Poland,7/28/2020,0
Poland,7/29/2020,0
Poland,7/30/2020,0
Poland,7/31/2020,0
Poland,8/1/2020,0
Poland,8/2/2020,0
Poland,8/3/2020,0
Poland,8/4/2020,0
Poland,8/5/2020,0
Poland,8/6/2020,0
Poland,8/7/2020,0
Poland,8/8/2020,0
Poland,8/9/2020,0
Poland,8/10/2020,0
Poland,8/11/2020,0
Poland,8/12/2020,0
Poland,8/13/2020,0
Poland,8/14/2020,0
Poland,8/15/2020,0
Poland,8/16/2020,0
Poland,8/17/2020,0
Poland,8/18/2020,0
Poland,8/19/2020,0
Poland,8/20/2020,0
Poland,8/21/2020,0
Poland,8/22/2020,0
Poland,8/23/2020,0
Poland,8/24/2020,0
Poland,8/25/2020,0
Poland,8/26/2020,0
Poland,8/27/2020,0
Poland,8/28/2020,0
Poland,8/29/2020,0
Poland,8/30/2020,0
Poland,8/31/2020,0
Poland,9/1/2020,0
Poland,9/2/2020,0
Poland,9/3/2020,0
Poland,9/4/2020,0
Poland,9/5/2020,0
Poland,9/6/2020,0
Poland,9/7/2020,0
Poland,9/8/2020,0
Poland,9/9/2020,0
Poland,9/10/2020,0
Poland,9/11/2020,0
Poland,9/12/2020,0
Poland,9/13/2020,0
Poland,9/14/2020,0
Poland,9/15/2020,0
Poland,9/16/2020,0
Poland,9/17/2020,0
Poland,9/18/2020,0
Poland,9/19/2020,0
Poland,9/20/2020,0
Poland,9/21/2020,0
Poland,9/22/2020,0
Poland,9/23/2020,0
Poland,9/24/2020,0
Poland,9/25/2020,0
Poland,9/26/2020,0
Poland,9/27/2020,0
Poland,9/28/2020,0
Poland,9/29/2020,0
Poland,9/30/2020,0
Poland,10/1/2020,0
Poland,10/2/2020,0
Poland,10/3/2020,0
Poland,10/4/2020,0
Poland,10/5/2020,0
Poland,10/6/2020,0
Poland,10/7/2020,0
Poland,10/8/2020,0
Poland,10/9/2020,0
Poland,10/10/2020,0
Poland,10/11/2020,0
Poland,10/12/2020,0
Poland,10/13/2020,0
Poland,10/14/2020,0
Poland,10/15/2020,0
Poland,10/16/2020,0
Poland,10/17/2020,0
Poland,10/18/2020,0
Poland,10/19/2020,0
Poland,10/20/2020,0
Poland,10/21/2020,0
Poland,10/22/2020,0
Poland,10/23/2020,0
Poland,10/24/2020,1
Poland,10/25/2020,1
Poland,10/26/2020,1
Poland,10/27/2020,1
Poland,10/28/2020,1
Poland,10/29/2020,1
Poland,10/30/2020,1
Poland,10/31/2020,1
Poland,11/1/2020,1
Poland,11/2/2020,1
Poland,11/3/2020,1
Poland,11/4/2020,1
Poland,11/5/2020,1
Poland,11/6/2020,1
Poland,11/7/2020,1
Poland,11/8/2020,1
Poland,11/9/2020,1
Poland,11/10/2020,1
Poland,11/11/2020,1
Poland,11/12/2020,1
Poland,11/13/2020,1
Poland,11/14/2020,1
Poland,11/15/2020,1
Poland,11/16/2020,1
Poland,11/17/2020,1
Poland,11/18/2020,1
Poland,11/19/2020,1
Poland,11/20/2020,1
Poland,11/21/2020,1
Poland,11/22/2020,1
Poland,11/23/2020,1
Poland,11/24/2020,1
Poland,11/25/2020,1
Poland,11/26/2020,1
Poland,11/27/2020,1
Poland,11/28/2020,1
Poland,11/29/2020,1
Poland,11/30/2020,1
Poland,12/1/2020,1
Poland,12/2/2020,1
Poland,12/3/2020,1
Poland,12/4/2020,1
Poland,12/5/2020,1
Poland,12/6/2020,1
Poland,12/7/2020,1
Poland,12/8/2020,1
Poland,12/9/2020,1
Poland,12/10/2020,1
Poland,12/11/2020,1
Poland,12/12/2020,1
Poland,12/13/2020,1
Poland,12/14/2020,1
Poland,12/15/2020,1
Poland,12/16/2020,1
Poland,12/17/2020,1
Poland,12/18/2020,1
Poland,12/19/2020,1
Poland,12/20/2020,1
Poland,12/21/2020,1
Poland,12/22/2020,1
Poland,12/23/2020,1
Poland,12/24/2020,1
Poland,12/25/2020,1
Poland,12/26/2020,1
Poland,12/27/2020,1
Poland,12/28/2020,1
Poland,12/29/2020,1
Poland,12/30/2020,1
Poland,12/31/2020,1
Poland,1/1/2021,1
Poland,1/2/2021,1
Poland,1/3/2021,1
Poland,1/4/2021,1
Poland,1/5/2021,1
Poland,1/6/2021,1
Poland,1/7/2021,1
Poland,1/8/2021,1
Poland,1/9/2021,1
Poland,1/10/2021,1
Poland,1/11/2021,1
Poland,1/12/2021,1
Poland,1/13/2021,1
Poland,1/14/2021,1
Poland,1/15/2021,1
Poland,1/16/2021,1
Poland,1/17/2021,1
Poland,1/18/2021,1
Poland,1/19/2021,1
Poland,1/20/2021,1
Poland,1/21/2021,1
Poland,1/22/2021,1
Poland,1/23/2021,1
Poland,1/24/2021,1
Poland,1/25/2021,1
Poland,1/26/2021,1
Poland,1/27/2021,1
Poland,1/28/2021,1
Poland,1/29/2021,1
Poland,1/30/2021,1
Poland,1/31/2021,1
Poland,2/1/2021,1
Poland,2/2/2021,1
Poland,2/3/2021,1
Poland,2/4/2021,1
Poland,2/5/2021,1
Poland,2/6/2021,1
Poland,2/7/2021,1
Poland,2/8/2021,1
Poland,2/9/2021,1
Poland,2/10/2021,1
Poland,2/11/2021,1
Poland,2/12/2021,1
Poland,2/13/2021,1
Poland,2/14/2021,1
Poland,2/15/2021,1
Poland,2/16/2021,1
Poland,2/17/2021,1
Poland,2/18/2021,1
Poland,2/19/2021,1
Poland,2/20/2021,1
Poland,2/21/2021,1
Poland,2/22/2021,1
Poland,2/23/2021,1
Poland,2/24/2021,1
Poland,2/25/2021,1
Poland,2/26/2021,1
Poland,2/27/2021,1
Poland,2/28/2021,1
Poland,3/1/2021,1
Poland,3/2/2021,1
Poland,3/3/2021,1
Poland,3/4/2021,1
Poland,3/5/2021,1
Poland,3/6/2021,1
Poland,3/7/2021,1
Poland,3/8/2021,1
Poland,3/9/2021,1
Poland,3/10/2021,1
Poland,3/11/2021,1
Poland,3/12/2021,1
Poland,3/13/2021,1
Poland,3/14/2021,1
Poland,3/15/2021,1
Poland,3/16/2021,1
Poland,3/17/2021,1
Poland,3/18/2021,1
Poland,3/19/2021,1
Poland,3/20/2021,1
Poland,3/21/2021,1
Poland,3/22/2021,1
Poland,3/23/2021,1
Poland,3/24/2021,1
Poland,3/25/2021,1
Poland,3/26/2021,1
Poland,3/27/2021,1
Poland,3/28/2021,1
Poland,3/29/2021,1
Poland,3/30/2021,1
Poland,3/31/2021,1
Poland,4/1/2021,1
Poland,4/2/2021,1
Poland,4/3/2021,1
Poland,4/4/2021,1
Poland,4/5/2021,1
Poland,4/6/2021,1
Poland,4/7/2021,1
Poland,4/8/2021,1
Poland,4/9/2021,1
Poland,4/10/2021,1
Poland,4/11/2021,1
Poland,4/12/2021,1
Poland,4/13/2021,1
Poland,4/14/2021,1
Poland,4/15/2021,1
Poland,4/16/2021,1
Poland,4/17/2021,1
Poland,4/18/2021,1
Poland,4/19/2021,1
Poland,4/20/2021,1
Poland,4/21/2021,1
Poland,4/22/2021,1
Poland,4/23/2021,1
Poland,4/24/2021,1
Poland,4/25/2021,1
Poland,4/26/2021,1
Poland,4/27/2021,1
Poland,4/28/2021,1
Poland,4/29/2021,1
Poland,4/30/2021,1
Poland,5/1/2021,1
Poland,5/2/2021,1
Poland,5/3/2021,1
Poland,5/4/2021,1
Poland,5/5/2021,1
Poland,5/6/2021,1
Poland,5/7/2021,1
Poland,5/8/2021,1
Poland,5/9/2021,1
Poland,5/10/2021,1
Poland,5/11/2021,1
Poland,5/12/2021,1
Poland,5/13/2021,1
Poland,5/14/2021,1
Poland,5/15/2021,1
Poland,5/16/2021,1
Poland,5/17/2021,1
Poland,5/18/2021,1
Poland,5/19/2021,1
Poland,5/20/2021,1
Poland,5/21/2021,1
Poland,5/22/2021,1
Poland,5/23/2021,1
Poland,5/24/2021,1
Poland,5/25/2021,1
Poland,5/26/2021,1
Poland,5/27/2021,1
Poland,5/28/2021,1
Poland,5/29/2021,1
Poland,5/30/2021,1
Poland,5/31/2021,1
Poland,6/1/2021,1
Poland,6/2/2021,1
Poland,6/3/2021,1
Poland,6/4/2021,1
Poland,6/5/2021,1
Poland,6/6/2021,1
Poland,6/7/2021,1
Poland,6/8/2021,1
Poland,6/9/2021,1
Poland,6/10/2021,1
Poland,6/11/2021,1
Poland,6/12/2021,1
Poland,6/13/2021,1
Poland,6/14/2021,1
Poland,6/15/2021,1
Poland,6/16/2021,1
Poland,6/17/2021,1
Poland,6/18/2021,1
Poland,6/19/2021,1
Poland,6/20/2021,1
Poland,6/21/2021,1
Poland,6/22/2021,1
Poland,6/23/2021,1
Poland,6/24/2021,1
Poland,6/25/2021,1
Poland,6/26/2021,1
Poland,6/27/2021,1
Poland,6/28/2021,1
Poland,6/29/2021,1
Poland,6/30/2021,1
Poland,7/1/2021,1
Poland,7/2/2021,1
Poland,7/3/2021,1
Poland,7/4/2021,1
Poland,7/5/2021,1
Poland,7/6/2021,1
Poland,7/7/2021,1
Poland,7/8/2021,1
Poland,7/9/2021,1
Poland,7/10/2021,1
Poland,7/11/2021,1
Poland,7/12/2021,1
Poland,7/13/2021,1
Poland,7/14/2021,1
Poland,7/15/2021,1
Poland,7/16/2021,1
Poland,7/17/2021,1
Poland,7/18/2021,1
Poland,7/19/2021,1
Poland,7/20/2021,1
Poland,7/21/2021,1
Poland,7/22/2021,1
Poland,7/23/2021,1
Poland,7/24/2021,1
Poland,7/25/2021,1
Poland,7/26/2021,1
Poland,7/27/2021,1
Poland,7/28/2021,1
Poland,7/29/2021,1
Poland,7/30/2021,1
Poland,7/31/2021,1
Poland,8/1/2021,1
Poland,8/2/2021,1
Poland,8/3/2021,1
Poland,8/4/2021,1
Poland,8/5/2021,1
Poland,8/6/2021,1
Poland,8/7/2021,1
Poland,8/8/2021,1
Poland,8/9/2021,1
Poland,8/10/2021,1
Poland,8/11/2021,1
Poland,8/12/2021,1
Poland,8/13/2021,1
Poland,8/14/2021,1
Poland,8/15/2021,1
Poland,8/16/2021,1
Poland,8/17/2021,1
Poland,8/18/2021,1
Poland,8/19/2021,1
Poland,8/20/2021,1
Poland,8/21/2021,1
Poland,8/22/2021,1
Poland,8/23/2021,1
Poland,8/24/2021,1
Poland,8/25/2021,1
Poland,8/26/2021,1
Poland,8/27/2021,1
Poland,8/28/2021,1
Poland,8/29/2021,1
Poland,8/30/2021,1
Poland,8/31/2021,1
Poland,9/1/2021,1
Poland,9/2/2021,1
Poland,9/3/2021,1
Poland,9/4/2021,1
Poland,9/5/2021,1
Poland,9/6/2021,1
Poland,9/7/2021,1
Poland,9/8/2021,1
Poland,9/9/2021,1
Poland,9/10/2021,1
Poland,9/11/2021,1
Poland,9/12/2021,1
Poland,9/13/2021,1
Poland,9/14/2021,1
Poland,9/15/2021,1
Poland,9/16/2021,1
Poland,9/17/2021,1
Poland,9/18/2021,1
Poland,9/19/2021,1
Poland,9/20/2021,1
Poland,9/21/2021,1
Poland,9/22/2021,1
Poland,9/23/2021,1
Poland,9/24/2021,1
Poland,9/25/2021,1
Poland,9/26/2021,1
Poland,9/27/2021,1
Poland,9/28/2021,1
Poland,9/29/2021,1
Poland,9/30/2021,1
Poland,10/1/2021,1
Poland,10/2/2021,1
Poland,10/3/2021,1
Poland,10/4/2021,1
Poland,10/5/2021,1
Poland,10/6/2021,1
Poland,10/7/2021,1
Poland,10/8/2021,1
Poland,10/9/2021,1
Poland,10/10/2021,1
Poland,10/11/2021,1
Poland,10/12/2021,1
Poland,10/13/2021,1
Poland,10/14/2021,1
Poland,10/15/2021,1
Poland,10/16/2021,1
Poland,10/17/2021,1
Poland,10/18/2021,1
Poland,10/19/2021,1
Poland,10/20/2021,1
Poland,10/21/2021,1
Poland,10/22/2021,1
Poland,10/23/2021,1
Poland,10/24/2021,1
Poland,10/25/2021,1
Poland,10/26/2021,1
Poland,10/27/2021,1
Poland,10/28/2021,1
Poland,10/29/2021,1
Poland,10/30/2021,1
Poland,10/31/2021,1
Poland,11/1/2021,1
Poland,11/2/2021,1
Poland,11/3/2021,1
Poland,11/4/2021,1
Poland,11/5/2021,1
Poland,11/6/2021,1
Poland,11/7/2021,1
Poland,11/8/2021,1
Poland,11/9/2021,1
Poland,11/10/2021,1
Poland,11/11/2021,1
Poland,11/12/2021,1
Poland,11/13/2021,1
Poland,11/14/2021,1
Poland,11/15/2021,1
Poland,11/16/2021,1
Poland,11/17/2021,1
Poland,11/18/2021,1
Poland,11/19/2021,1
Poland,11/20/2021,1
Poland,11/21/2021,1
Poland,11/22/2021,1
Poland,11/23/2021,1
Poland,11/24/2021,1
Poland,11/25/2021,1
Poland,11/26/2021,1
Poland,11/27/2021,1
Poland,11/28/2021,1
Poland,11/29/2021,1
Poland,11/30/2021,1
Poland,12/1/2021,1
Poland,12/2/2021,1
Poland,12/3/2021,1
Poland,12/4/2021,1
Poland,12/5/2021,1
Poland,12/6/2021,1
Poland,12/7/2021,1
Poland,12/8/2021,1
Poland,12/9/2021,1
Poland,12/10/2021,1
Poland,12/11/2021,1
Poland,12/12/2021,1
Poland,12/13/2021,1
Poland,12/14/2021,1
Poland,12/15/2021,1
Poland,12/16/2021,1
Poland,12/17/2021,1
Poland,12/18/2021,1
Poland,12/19/2021,1
Poland,12/20/2021,1
Poland,12/21/2021,1
Poland,12/22/2021,1
Poland,12/23/2021,1
Poland,12/24/2021,1
Poland,12/25/2021,1
Poland,12/26/2021,1
Poland,12/27/2021,1
Poland,12/28/2021,1
Poland,12/29/2021,1
Poland,12/30/2021,0
Poland,12/31/2021,0
Spain,1/1/2020,0
Spain,1/2/2020,0
Spain,1/3/2020,0
Spain,1/4/2020,0
Spain,1/5/2020,0
Spain,1/6/2020,0
Spain,1/7/2020,0
Spain,1/8/2020,0
Spain,1/9/2020,0
Spain,1/10/2020,0
Spain,1/11/2020,0
Spain,1/12/2020,0
Spain,1/13/2020,0
Spain,1/14/2020,0
Spain,1/15/2020,0
Spain,1/16/2020,0
Spain,1/17/2020,0
Spain,1/18/2020,0
Spain,1/19/2020,0
Spain,1/20/2020,0
Spain,1/21/2020,0
Spain,1/22/2020,0
Spain,1/23/2020,0
Spain,1/24/2020,0
Spain,1/25/2020,0
Spain,1/26/2020,0
Spain,1/27/2020,0
Spain,1/28/2020,0
Spain,1/29/2020,0
Spain,1/30/2020,0
Spain,1/31/2020,0
Spain,2/1/2020,0
Spain,2/2/2020,0
Spain,2/3/2020,0
Spain,2/4/2020,0
Spain,2/5/2020,0
Spain,2/6/2020,0
Spain,2/7/2020,0
Spain,2/8/2020,0
Spain,2/9/2020,0
Spain,2/10/2020,0
Spain,2/11/2020,0
Spain,2/12/2020,0
Spain,2/13/2020,0
Spain,2/14/2020,0
Spain,2/15/2020,0
Spain,2/16/2020,0
Spain,2/17/2020,0
Spain,2/18/2020,0
Spain,2/19/2020,0
Spain,2/20/2020,0
Spain,2/21/2020,0
Spain,2/22/2020,0
Spain,2/23/2020,0
Spain,2/24/2020,0
Spain,2/25/2020,0
Spain,2/26/2020,0
Spain,2/27/2020,0
Spain,2/28/2020,0
Spain,2/29/2020,0
Spain,3/1/2020,0
Spain,3/2/2020,0
Spain,3/3/2020,0
Spain,3/4/2020,0
Spain,3/5/2020,0
Spain,3/6/2020,0
Spain,3/7/2020,0
Spain,3/8/2020,0
Spain,3/9/2020,0
Spain,3/10/2020,0
Spain,3/11/2020,0
Spain,3/12/2020,0
Spain,3/13/2020,0
Spain,3/14/2020,2
Spain,3/15/2020,2
Spain,3/16/2020,2
Spain,3/17/2020,2
Spain,3/18/2020,2
Spain,3/19/2020,2
Spain,3/20/2020,2
Spain,3/21/2020,2
Spain,3/22/2020,2
Spain,3/23/2020,2
Spain,3/24/2020,2
Spain,3/25/2020,2
Spain,3/26/2020,2
Spain,3/27/2020,2
Spain,3/28/2020,2
Spain,3/29/2020,2
Spain,3/30/2020,2
Spain,3/31/2020,2
Spain,4/1/2020,2
Spain,4/2/2020,2
Spain,4/3/2020,2
Spain,4/4/2020,2
Spain,4/5/2020,2
Spain,4/6/2020,2
Spain,4/7/2020,2
Spain,4/8/2020,2
Spain,4/9/2020,2
Spain,4/10/2020,2
Spain,4/11/2020,2
Spain,4/12/2020,2
Spain,4/13/2020,2
Spain,4/14/2020,2
Spain,4/15/2020,2
Spain,4/16/2020,2
Spain,4/17/2020,2
Spain,4/18/2020,2
Spain,4/19/2020,2
Spain,4/20/2020,2
Spain,4/21/2020,2
Spain,4/22/2020,2
Spain,4/23/2020,2
Spain,4/24/2020,2
Spain,4/25/2020,2
Spain,4/26/2020,2
Spain,4/27/2020,2
Spain,4/28/2020,2
Spain,4/29/2020,2
Spain,4/30/2020,2
Spain,5/1/2020,2
Spain,5/2/2020,2
Spain,5/3/2020,2
Spain,5/4/2020,2
Spain,5/5/2020,2
Spain,5/6/2020,2
Spain,5/7/2020,2
Spain,5/8/2020,2
Spain,5/9/2020,2
Spain,5/10/2020,2
Spain,5/11/2020,2
Spain,5/12/2020,2
Spain,5/13/2020,2
Spain,5/14/2020,2
Spain,5/15/2020,2
Spain,5/16/2020,2
Spain,5/17/2020,2
Spain,5/18/2020,2
Spain,5/19/2020,2
Spain,5/20/2020,2
Spain,5/21/2020,2
Spain,5/22/2020,2
Spain,5/23/2020,2
Spain,5/24/2020,2
Spain,5/25/2020,2
Spain,5/26/2020,2
Spain,5/27/2020,1
Spain,5/28/2020,1
Spain,5/29/2020,1
Spain,5/30/2020,1
Spain,5/31/2020,1
Spain,6/1/2020,1
Spain,6/2/2020,1
Spain,6/3/2020,1
Spain,6/4/2020,1
Spain,6/5/2020,1
Spain,6/6/2020,1
Spain,6/7/2020,1
Spain,6/8/2020,1
Spain,6/9/2020,1
Spain,6/10/2020,1
Spain,6/11/2020,1
Spain,6/12/2020,1
Spain,6/13/2020,1
Spain,6/14/2020,1
Spain,6/15/2020,1
Spain,6/16/2020,1
Spain,6/17/2020,1
Spain,6/18/2020,1
Spain,6/19/2020,1
Spain,6/20/2020,1
Spain,6/21/2020,0
Spain,6/22/2020,0
Spain,6/23/2020,0
Spain,6/24/2020,0
Spain,6/25/2020,0
Spain,6/26/2020,0
Spain,6/27/2020,0
Spain,6/28/2020,0
Spain,6/29/2020,0
Spain,6/30/2020,0
Spain,7/1/2020,0
Spain,7/2/2020,0
Spain,7/3/2020,0
Spain,7/4/2020,1
Spain,7/5/2020,1
Spain,7/6/2020,1
Spain,7/7/2020,1
Spain,7/8/2020,1
Spain,7/9/2020,1
Spain,7/10/2020,1
Spain,7/11/2020,1
Spain,7/12/2020,1
Spain,7/13/2020,1
Spain,7/14/2020,1
Spain,7/15/2020,2
Spain,7/16/2020,2
Spain,7/17/2020,2
Spain,7/18/2020,2
Spain,7/19/2020,2
Spain,7/20/2020,2
Spain,7/21/2020,2
Spain,7/22/2020,2
Spain,7/23/2020,2
Spain,7/24/2020,2
Spain,7/25/2020,2
Spain,7/26/2020,2
Spain,7/27/2020,2
Spain,7/28/2020,2
Spain,7/29/2020,2
Spain,7/30/2020,2
Spain,7/31/2020,2
Spain,8/1/2020,2
Spain,8/2/2020,2
Spain,8/3/2020,2
Spain,8/4/2020,2
Spain,8/5/2020,2
Spain,8/6/2020,2
Spain,8/7/2020,2
Spain,8/8/2020,2
Spain,8/9/2020,2
Spain,8/10/2020,1
Spain,8/11/2020,1
Spain,8/12/2020,1
Spain,8/13/2020,1
Spain,8/14/2020,1
Spain,8/15/2020,1
Spain,8/16/2020,1
Spain,8/17/2020,1
Spain,8/18/2020,1
Spain,8/19/2020,1
Spain,8/20/2020,1
Spain,8/21/2020,1
Spain,8/22/2020,1
Spain,8/23/2020,1
Spain,8/24/2020,1
Spain,8/25/2020,1
Spain,8/26/2020,1
Spain,8/27/2020,1
Spain,8/28/2020,1
Spain,8/29/2020,1
Spain,8/30/2020,1
Spain,8/31/2020,1
Spain,9/1/2020,1
Spain,9/2/2020,1
Spain,9/3/2020,1
Spain,9/4/2020,1
Spain,9/5/2020,1
Spain,9/6/2020,1
Spain,9/7/2020,1
Spain,9/8/2020,1
Spain,9/9/2020,1
Spain,9/10/2020,1
Spain,9/11/2020,1
Spain,9/12/2020,1
Spain,9/13/2020,1
Spain,9/14/2020,1
Spain,9/15/2020,1
Spain,9/16/2020,1
Spain,9/17/2020,1
Spain,9/18/2020,1
Spain,9/19/2020,1
Spain,9/20/2020,1
Spain,9/21/2020,1
Spain,9/22/2020,1
Spain,9/23/2020,1
Spain,9/24/2020,1
Spain,9/25/2020,1
Spain,9/26/2020,1
Spain,9/27/2020,1
Spain,9/28/2020,1
Spain,9/29/2020,1
Spain,9/30/2020,1
Spain,10/1/2020,1
Spain,10/2/2020,1
Spain,10/3/2020,1
Spain,10/4/2020,1
Spain,10/5/2020,1
Spain,10/6/2020,1
Spain,10/7/2020,1
Spain,10/8/2020,1
Spain,10/9/2020,1
Spain,10/10/2020,1
Spain,10/11/2020,1
Spain,10/12/2020,1
Spain,10/13/2020,1
Spain,10/14/2020,1
Spain,10/15/2020,1
Spain,10/16/2020,1
Spain,10/17/2020,1
Spain,10/18/2020,1
Spain,10/19/2020,1
Spain,10/20/2020,1
Spain,10/21/2020,1
Spain,10/22/2020,1
Spain,10/23/2020,1
Spain,10/24/2020,1
Spain,10/25/2020,2
Spain,10/26/2020,2
Spain,10/27/2020,2
Spain,10/28/2020,2
Spain,10/29/2020,2
Spain,10/30/2020,2
Spain,10/31/2020,2
Spain,11/1/2020,2
Spain,11/2/2020,2
Spain,11/3/2020,2
Spain,11/4/2020,2
Spain,11/5/2020,2
Spain,11/6/2020,2
Spain,11/7/2020,2
Spain,11/8/2020,2
Spain,11/9/2020,2
Spain,11/10/2020,2
Spain,11/11/2020,2
Spain,11/12/2020,2
Spain,11/13/2020,2
Spain,11/14/2020,2
Spain,11/15/2020,2
Spain,11/16/2020,2
Spain,11/17/2020,2
Spain,11/18/2020,2
Spain,11/19/2020,2
Spain,11/20/2020,2
Spain,11/21/2020,2
Spain,11/22/2020,2
Spain,11/23/2020,2
Spain,11/24/2020,2
Spain,11/25/2020,2
Spain,11/26/2020,2
Spain,11/27/2020,2
Spain,11/28/2020,2
Spain,11/29/2020,2
Spain,11/30/2020,2
Spain,12/1/2020,2
Spain,12/2/2020,2
Spain,12/3/2020,2
Spain,12/4/2020,2
Spain,12/5/2020,2
Spain,12/6/2020,2
Spain,12/7/2020,2
Spain,12/8/2020,2
Spain,12/9/2020,2
Spain,12/10/2020,2
Spain,12/11/2020,2
Spain,12/12/2020,2
Spain,12/13/2020,2
Spain,12/14/2020,2
Spain,12/15/2020,2
Spain,12/16/2020,2
Spain,12/17/2020,2
Spain,12/18/2020,2
Spain,12/19/2020,2
Spain,12/20/2020,2
Spain,12/21/2020,2
Spain,12/22/2020,2
Spain,12/23/2020,2
Spain,12/24/2020,2
Spain,12/25/2020,2
Spain,12/26/2020,2
Spain,12/27/2020,2
Spain,12/28/2020,2
Spain,12/29/2020,2
Spain,12/30/2020,2
Spain,12/31/2020,2
Spain,1/1/2021,2
Spain,1/2/2021,2
Spain,1/3/2021,2
Spain,1/4/2021,2
Spain,1/5/2021,2
Spain,1/6/2021,2
Spain,1/7/2021,2
Spain,1/8/2021,2
Spain,1/9/2021,2
Spain,1/10/2021,2
Spain,1/11/2021,2
Spain,1/12/2021,2
Spain,1/13/2021,2
Spain,1/14/2021,2
Spain,1/15/2021,2
Spain,1/16/2021,2
Spain,1/17/2021,2
Spain,1/18/2021,2
Spain,1/19/2021,2
Spain,1/20/2021,2
Spain,1/21/2021,2
Spain,1/22/2021,2
Spain,1/23/2021,2
Spain,1/24/2021,2
Spain,1/25/2021,2
Spain,1/26/2021,2
Spain,1/27/2021,2
Spain,1/28/2021,2
Spain,1/29/2021,2
Spain,1/30/2021,2
Spain,1/31/2021,2
Spain,2/1/2021,2
Spain,2/2/2021,2
Spain,2/3/2021,2
Spain,2/4/2021,2
Spain,2/5/2021,2
Spain,2/6/2021,2
Spain,2/7/2021,2
Spain,2/8/2021,2
Spain,2/9/2021,2
Spain,2/10/2021,2
Spain,2/11/2021,2
Spain,2/12/2021,2
Spain,2/13/2021,2
Spain,2/14/2021,2
Spain,2/15/2021,2
Spain,2/16/2021,2
Spain,2/17/2021,2
Spain,2/18/2021,2
Spain,2/19/2021,2
Spain,2/20/2021,2
Spain,2/21/2021,2
Spain,2/22/2021,2
Spain,2/23/2021,2
Spain,2/24/2021,2
Spain,2/25/2021,2
Spain,2/26/2021,2
Spain,2/27/2021,2
Spain,2/28/2021,2
Spain,3/1/2021,2
Spain,3/2/2021,2
Spain,3/3/2021,2
Spain,3/4/2021,2
Spain,3/5/2021,2
Spain,3/6/2021,2
Spain,3/7/2021,2
Spain,3/8/2021,2
Spain,3/9/2021,2
Spain,3/10/2021,2
Spain,3/11/2021,2
Spain,3/12/2021,2
Spain,3/13/2021,2
Spain,3/14/2021,2
Spain,3/15/2021,2
Spain,3/16/2021,2
Spain,3/17/2021,2
Spain,3/18/2021,2
Spain,3/19/2021,2
Spain,3/20/2021,2
Spain,3/21/2021,2
Spain,3/22/2021,2
Spain,3/23/2021,2
Spain,3/24/2021,2
Spain,3/25/2021,2
Spain,3/26/2021,2
Spain,3/27/2021,2
Spain,3/28/2021,2
Spain,3/29/2021,2
Spain,3/30/2021,2
Spain,3/31/2021,2
Spain,4/1/2021,2
Spain,4/2/2021,2
Spain,4/3/2021,2
Spain,4/4/2021,2
Spain,4/5/2021,2
Spain,4/6/2021,2
Spain,4/7/2021,2
Spain,4/8/2021,2
Spain,4/9/2021,2
Spain,4/10/2021,2
Spain,4/11/2021,2
Spain,4/12/2021,2
Spain,4/13/2021,2
Spain,4/14/2021,2
Spain,4/15/2021,2
Spain,4/16/2021,2
Spain,4/17/2021,2
Spain,4/18/2021,2
Spain,4/19/2021,2
Spain,4/20/2021,2
Spain,4/21/2021,2
Spain,4/22/2021,2
Spain,4/23/2021,2
Spain,4/24/2021,2
Spain,4/25/2021,2
Spain,4/26/2021,2
Spain,4/27/2021,2
Spain,4/28/2021,2
Spain,4/29/2021,2
Spain,4/30/2021,2
Spain,5/1/2021,2
Spain,5/2/2021,2
Spain,5/3/2021,2
Spain,5/4/2021,2
Spain,5/5/2021,2
Spain,5/6/2021,2
Spain,5/7/2021,2
Spain,5/8/2021,2
Spain,5/9/2021,2
Spain,5/10/2021,2
Spain,5/11/2021,2
Spain,5/12/2021,2
Spain,5/13/2021,2
Spain,5/14/2021,2
Spain,5/15/2021,2
Spain,5/16/2021,2
Spain,5/17/2021,2
Spain,5/18/2021,2
Spain,5/19/2021,2
Spain,5/20/2021,2
Spain,5/21/2021,2
Spain,5/22/2021,2
Spain,5/23/2021,2
Spain,5/24/2021,2
Spain,5/25/2021,2
Spain,5/26/2021,2
Spain,5/27/2021,2
Spain,5/28/2021,2
Spain,5/29/2021,2
Spain,5/30/2021,2
Spain,5/31/2021,2
Spain,6/1/2021,2
Spain,6/2/2021,2
Spain,6/3/2021,2
Spain,6/4/2021,2
Spain,6/5/2021,2
Spain,6/6/2021,2
Spain,6/7/2021,2
Spain,6/8/2021,1
Spain,6/9/2021,1
Spain,6/10/2021,1
Spain,6/11/2021,1
Spain,6/12/2021,1
Spain,6/13/2021,1
Spain,6/14/2021,1
Spain,6/15/2021,1
Spain,6/16/2021,1
Spain,6/17/2021,1
Spain,6/18/2021,1
Spain,6/19/2021,1
Spain,6/20/2021,1
Spain,6/21/2021,1
Spain,6/22/2021,1
Spain,6/23/2021,1
Spain,6/24/2021,1
Spain,6/25/2021,1
Spain,6/26/2021,1
Spain,6/27/2021,1
Spain,6/28/2021,1
Spain,6/29/2021,1
Spain,6/30/2021,1
Spain,7/1/2021,1
Spain,7/2/2021,1
Spain,7/3/2021,1
Spain,7/4/2021,1
Spain,7/5/2021,1
Spain,7/6/2021,1
Spain,7/7/2021,1
Spain,7/8/2021,1
Spain,7/9/2021,1
Spain,7/10/2021,1
Spain,7/11/2021,1
Spain,7/12/2021,1
Spain,7/13/2021,1
Spain,7/14/2021,1
Spain,7/15/2021,1
Spain,7/16/2021,1
Spain,7/17/2021,2
Spain,7/18/2021,2
Spain,7/19/2021,2
Spain,7/20/2021,2
Spain,7/21/2021,2
Spain,7/22/2021,2
Spain,7/23/2021,2
Spain,7/24/2021,2
Spain,7/25/2021,2
Spain,7/26/2021,2
Spain,7/27/2021,2
Spain,7/28/2021,2
Spain,7/29/2021,2
Spain,7/30/2021,2
Spain,7/31/2021,2
Spain,8/1/2021,2
Spain,8/2/2021,2
Spain,8/3/2021,2
Spain,8/4/2021,2
Spain,8/5/2021,2
Spain,8/6/2021,2
Spain,8/7/2021,2
Spain,8/8/2021,2
Spain,8/9/2021,2
Spain,8/10/2021,2
Spain,8/11/2021,2
Spain,8/12/2021,2
Spain,8/13/2021,2
Spain,8/14/2021,2
Spain,8/15/2021,2
Spain,8/16/2021,2
Spain,8/17/2021,2
Spain,8/18/2021,2
Spain,8/19/2021,2
Spain,8/20/2021,2
Spain,8/21/2021,2
Spain,8/22/2021,2
Spain,8/23/2021,2
Spain,8/24/2021,2
Spain,8/25/2021,2
Spain,8/26/2021,2
Spain,8/27/2021,2
Spain,8/28/2021,2
Spain,8/29/2021,2
Spain,8/30/2021,2
Spain,8/31/2021,2
Spain,9/1/2021,2
Spain,9/2/2021,2
Spain,9/3/2021,2
Spain,9/4/2021,2
Spain,9/5/2021,2
Spain,9/6/2021,2
Spain,9/7/2021,2
Spain,9/8/2021,2
Spain,9/9/2021,2
Spain,9/10/2021,2
Spain,9/11/2021,2
Spain,9/12/2021,2
Spain,9/13/2021,2
Spain,9/14/2021,2
Spain,9/15/2021,0
Spain,9/16/2021,0
Spain,9/17/2021,0
Spain,9/18/2021,0
Spain,9/19/2021,0
Spain,9/20/2021,0
Spain,9/21/2021,0
Spain,9/22/2021,0
Spain,9/23/2021,0
Spain,9/24/2021,0
Spain,9/25/2021,0
Spain,9/26/2021,0
Spain,9/27/2021,0
Spain,9/28/2021,0
Spain,9/29/2021,0
Spain,9/30/2021,0
Spain,10/1/2021,0
Spain,10/2/2021,0
Spain,10/3/2021,0
Spain,10/4/2021,0
Spain,10/5/2021,0
Spain,10/6/2021,0
Spain,10/7/2021,0
Spain,10/8/2021,0
Spain,10/9/2021,0
Spain,10/10/2021,0
Spain,10/11/2021,0
Spain,10/12/2021,0
Spain,10/13/2021,0
Spain,10/14/2021,0
Spain,10/15/2021,0
Spain,10/16/2021,0
Spain,10/17/2021,0
Spain,10/18/2021,0
Spain,10/19/2021,0
Spain,10/20/2021,0
Spain,10/21/2021,0
Spain,10/22/2021,0
Spain,10/23/2021,0
Spain,10/24/2021,0
Spain,10/25/2021,0
Spain,10/26/2021,0
Spain,10/27/2021,0
Spain,10/28/2021,0
Spain,10/29/2021,0
Spain,10/30/2021,0
Spain,10/31/2021,0
Spain,11/1/2021,0
Spain,11/2/2021,0
Spain,11/3/2021,0
Spain,11/4/2021,0
Spain,11/5/2021,0
Spain,11/6/2021,0
Spain,11/7/2021,0
Spain,11/8/2021,0
Spain,11/9/2021,0
Spain,11/10/2021,0
Spain,11/11/2021,0
Spain,11/12/2021,0
Spain,11/13/2021,0
Spain,11/14/2021,0
Spain,11/15/2021,0
Spain,11/16/2021,0
Spain,11/17/2021,0
Spain,11/18/2021,0
Spain,11/19/2021,0
Spain,11/20/2021,0
Spain,11/21/2021,0
Spain,11/22/2021,0
Spain,11/23/2021,0
Spain,11/24/2021,0
Spain,11/25/2021,0
Spain,11/26/2021,0
Spain,11/27/2021,0
Spain,11/28/2021,0
Spain,11/29/2021,0
Spain,11/30/2021,0
Spain,12/1/2021,0
Spain,12/2/2021,0
Spain,12/3/2021,0
Spain,12/4/2021,0
Spain,12/5/2021,0
Spain,12/6/2021,0
Spain,12/7/2021,0
Spain,12/8/2021,0
Spain,12/9/2021,0
Spain,12/10/2021,0
Spain,12/11/2021,0
Spain,12/12/2021,1
Spain,12/13/2021,1
Spain,12/14/2021,1
Spain,12/15/2021,1
Spain,12/16/2021,1
Spain,12/17/2021,1
Spain,12/18/2021,1
Spain,12/19/2021,1
Spain,12/20/2021,1
Spain,12/21/2021,1
Spain,12/22/2021,1
Spain,12/23/2021,1
Spain,12/24/2021,1
Spain,12/25/2021,1
Spain,12/26/2021,1
Spain,12/27/2021,1
Spain,12/28/2021,1
Spain,12/29/2021,1
Spain,12/30/2021,1
Spain,12/31/2021,1
